SKU,name,Description,Brand
e5e81e78-ff29-494f-be1c-63c3ddf30666,Megan Thomas,Accounting,Amazon.com
e134a27b-6cd9-42b5-8a7c-f0cbb8c28084,Maia Davies,Sales,21st Century Fox
160a91bb-dd81-4661-a94b-00f8af56951a,Maxwell Styles,Marketing,AECOM
15a26e99-8470-4736-92e7-b2c3472b5e8d,Summer Jordan,Management,Apple Inc.
9b4b742d-e57b-4d3f-8b3a-7781f0facffe,William Eastwood,Management,Telekom
f273f10d-5cf2-4b1a-b252-223229ca08b3,Amy Randall,Management,Amazon.com
dd741792-630a-4ca0-8bad-6b1ea3d9d519,Hayden Windsor,Research and Development,ENEL
80bb72ae-e90a-41f4-8295-e4093adf8e58,Benny Ross,Human Resources,Facebook
fdd5d3e3-f0e1-4f3a-924f-05af6c55b9d0,Dani Ballard,Purchasing,BuzzFeed
6ceda60f-8ac4-4aa9-ac72-c360c2ba6db7,Alexander Goodman,Finance,BuzzFeed
40d85de7-f3c1-4ff3-8a36-7326061c339e,Ramon Emmott,Research and Development,Telekom
a8c8f683-b34a-4c13-a884-0a7111e81a31,Gil Leigh,Sales,Amazon.com
ceb62122-8943-4de3-bb62-f6d4b17ea19c,Danny Clarke,Research and Development,Comcast
45be6aa3-01d8-433a-8224-53f64d3c5705,Crystal Phillips,IT,Leadertech Consulting
5a93e97e-4adf-4862-a1f7-8f83342c4233,Lily Tait,IT,DynCorp
8f640948-19e5-4a4c-9888-a2c6de71c891,Marilyn Niles,Accounting,Global Print
a08dd633-d556-4fd1-9a69-e62a72107550,Chadwick Nash,Accounting,Apple Inc.
a9051428-d982-47f1-afa2-1c34c09d1c69,Logan Smith,Human Resources,Vodafone
16d59104-568d-49ac-896c-6429ccbf7570,Estrella Harvey,Human Resources,BuzzFeed
0fed16ee-610b-4d53-9430-8e5bef420c91,Matt Lindsay,Sales,Facebook
d5f577ed-31e1-4dd7-afe3-6086a158f8c2,Bridget Dixon,Accounting,Vodafone
a0446af7-413f-4e5b-8479-2dc8379908b8,William Wellington,Purchasing,Amazon.com
34968389-e0f2-4205-a80b-de65fe232b72,Ramon Rivers,Accounting,ExxonMobil
56857852-11b1-426a-b0fc-e0e05f1c80dd,Kenzie Kidd,Accounting,UPC
f1710a99-e291-4262-a446-f919d97d4df3,Zoe Wills,Accounting,Telekom
6dc18b3a-fafa-4495-89f7-9ef016e41165,Bethany Spencer,Sales,Areon Impex
297b841c-1cfd-4006-9545-a5a27b2a6efd,David Ashley,Sales,Carrefour
f2b4ef11-9909-494a-9c7d-3c17d1b76b22,Tiffany Blythe,Human Resources,Leadertech Consulting
034a78ca-6cfc-4845-8040-836fdcbba128,Eduardo Hepburn,Management,Team Guard SRL
ca808030-4cab-4e7d-8fde-8b1c54455638,Anthony Gavin,Accounting,ENEL
c62d4839-046b-4387-8c02-cc1167f0795a,Rihanna Higgs,Human Resources,Comodo
a80f0a80-bd84-4558-a73e-d9eeff802b3e,Danny Holt,Sales,Biolife Grup
ab5fc6df-78d2-418c-8b7e-9a2e0ac4d860,Melody Rowan,Purchasing,Vodafone
63065d74-06ce-45b9-acca-97ee7be04e54,Liliana Swan,Management,ExxonMobil
6625af4d-7f0f-447a-a81e-293bd53fcc65,Andie West,Finance,Biolife Grup
3db1f277-b800-41c5-872a-3a7320a11696,Liam Carpenter,Human Resources,Mars
2e1d317d-2642-416a-b777-4fcdf62ec0d8,Kaylee Butler,Management,21st Century Fox
2a0e0d3f-0d91-4903-ad6e-51d9a553b1ba,Vera Armstrong,Sales,Areon Impex
72d84822-c9a6-4e7f-9525-44b9b5471002,Janice Hope,IT,Telekom
998c8d94-aea8-4810-a4f5-aba6b3c96e75,Zoe Bloom,Marketing,21st Century Fox
fb6f06ba-cc9c-4edf-9850-88f21d694844,Caitlyn Vallins,IT,Biolife Grup
b19a0434-2fc1-4b01-ba82-4fcce4e6e1b8,Esmeralda Groves,IT,Erickson
596a9685-01d5-4ff6-afbc-e689f63eacff,Christy Richardson,Purchasing,Areon Impex
ba11e9d9-86ee-4cc9-898f-33a69912d672,Alexia Rossi,Research and Development,Zepter
f9d26f6c-13b3-4852-8e21-574e297cea52,Juliette Rosenbloom,Accounting,UPC
2c363c7a-fc2f-4dc8-8fda-3fec968468a5,Julian Clayton,Human Resources,Danone
8c55f15a-307a-40b8-9cd2-40fe50c8bcc3,Bryce Taylor,Purchasing,ENEL
7c75e4fc-75a2-4116-8c4e-0d017d214abb,Michael Whitehouse,IT,Biolife Grup
05876807-3482-4658-847d-affed26c4475,Rocco Williams,Accounting,Facebook
88d879f8-8037-4d3d-bd64-cc63b90374e5,Harmony Page ,Sales,Global Print
ca626c56-4234-4e4a-bb67-caa1f6809ccc,Hazel Cann,Management,DynCorp
79ac17fc-9727-48b2-9141-e909304a516e,Gloria Fox,Human Resources,Danone
7e001d23-b8bf-40f7-b3ad-a2cd1ffe00ae,Lily Drew,Accounting,Telekom
7f30f6e1-d123-475b-bbf0-9358e34d444e,Benny Watson,IT,Areon Impex
f965ff6d-ad83-4128-a029-ef19abea7cc6,Chanelle Kelly,Marketing,BuzzFeed
bf100227-5874-4274-95bf-a2faaf1f65e7,Eduardo Saunders,Sales,ExxonMobil
70a4b223-0cbc-4a1c-b1d6-2659ca5684e2,Rosalyn Mason,Finance,DynCorp
6559ea4a-ab00-4eb0-a856-24dfa2281759,Martha Lee,Marketing,Biolife Grup
c64b8f59-566c-4c73-9be2-88a2becb700b,Grace Cann,Operations,Facebook
8ca76db7-d00a-477a-8dbf-d4c437467589,Luke Upton,Sales,Team Guard SRL
0cd5b023-6c0c-4c33-971e-31fcccc346a3,Barry Matthews,Sales,UPC
940bc4d8-4265-4d51-84d5-e868a6a03eb2,Martha Kirby,Operations,Vodafone
8dbc32a7-db36-497d-bb56-c4912c502603,Jolene Shaw,Accounting,BuzzFeed
b8e17f07-f940-4004-86b0-7f3a9fb67fdf,Ruth Ellwood,IT,Metro Cash&Carry
9ba27444-5749-4735-a6a8-3537e5baaefa,Carter Hunt,Purchasing,Coca-Cola Company
564a115d-b5c7-44a9-904d-6cf5e3193b72,Lucas Gray,Operations,ExxonMobil
7144fc83-786a-4ff5-ae99-52c8117df97e,Noah Gibson,Operations,Telekom
6f3daad6-3b51-4d6f-8b51-be7b279cff14,Elly Tate,Operations,Team Guard SRL
00f6f454-3681-40e8-b960-e9e68cf5c5d7,Francesca Vass,Finance,Zepter
b70f6cb0-4db8-4d76-ada9-df5bcd2aa4bb,Javier Ballard,IT,Team Guard SRL
0a78c3e6-f491-4351-b0d3-4d7f482960c3,Chuck Russel,Management,Vodafone
5d0a63a5-5515-4085-a13b-24a8442ccc48,Chadwick Lee,Sales,Biolife Grup
df7f4c92-1e52-4892-a283-57c995ae89cc,Carl Garner,Sales,Coca-Cola Company
cc144283-006a-402e-8ae3-4f0d4b939653,Bob Collis,Sales,DynCorp
488baf52-a6cb-4d53-823e-a45de8fb30ba,Rylee Walker,Operations,Telekom
bc6d5dcc-a990-4a68-badf-40212061e9b0,Hayden Wild,Human Resources,Comodo
46ba13d2-92ce-4df3-b95a-603ec5dba21f,Bob Powell,Management,Global Print
14459dcf-67d5-4558-9ab3-5fca23809bdf,Keira Farmer,Management,Metro Cash&Carry
06ba0cdf-6b1c-4d04-9ec9-951792e14ec8,Macy Burnley,Research and Development,CarMax
97ee12ad-44f3-410d-80b0-88b24bf219d3,Manuel Richards,Finance,Mars
4415c7c1-d5ff-4fb7-a8ab-bd8cc8e0d1dc,Celia Bloom,Research and Development,Leadertech Consulting
5f49f425-74ad-4723-bb13-d083e59ebcc5,Angelique Waterhouse,Sales,Biolife Grup
dc2e0ab0-9116-41f9-a9c2-f113d02cb598,Martha Stewart,Sales,Areon Impex
7fdd421a-a0c8-4cbe-b52c-3cb3f4cad223,Tyson Booth,Accounting,DynCorp
46920126-2d07-49ef-9773-d983c7685374,Aiden Lane,Management,It Smart Group
c2f15678-3bb7-4dee-bed4-b842559d2a42,Peter Mcguire,Operations,Coca-Cola Company
7c9caaf4-fab5-4add-af95-0353440b11b0,Denny Douglas,Operations,Demaco
cfe94c74-e785-4c31-82c8-68d9b05b4474,Chad Dempsey,Sales,Areon Impex
0ef347de-4b1c-45bc-ae09-9febc2d0273e,Boris Russel,Sales,CarMax
cc27fc22-062d-436a-ab92-2e10c2513d35,Rosa Horton,Finance,Erickson
08eb628b-82a4-446c-be10-e3959494daee,Martin Jacobs,Marketing,Erickson
8b1e9933-4920-406a-a843-3f7a92674f98,Estrella Clifton,IT,Carrefour
b181e8da-486e-42bc-9e22-e4a4af592e86,Ellen Talbot,IT,Amazon.com
46ea693c-89a6-4a08-b9a6-666ed1a8179c,Blake May,Marketing,Team Guard SRL
9007264f-cfba-410a-b596-e50d5de0e861,Christy Bright,Accounting,Telekom
dfbdbfd6-b352-42fc-ab7c-b9a0c0834586,Cara Briggs,Management,CarMax
c397ee6a-a468-4157-9f8f-b8a43f77787d,Evie Armstrong,Marketing,DynCorp
9ee99b86-fa1f-4a54-8335-2874a59c895e,Nate Collingwood,Human Resources,Biolife Grup
7a57d85a-19d5-4ec9-b1a3-19b555227dfb,Sofia Murphy,Sales,Comodo
6c324bb7-d5cd-4b44-b020-de8b84e1b89d,Chelsea Wellington,Research and Development,BuzzFeed
e0f23da0-8ec0-4998-8678-0c512bc729ed,Gabriel Walton,Sales,Danone
ec59d4b0-d92d-4a55-8d53-88d82d5e0d60,Bristol Walsh,Operations,Telekom
7734a654-9557-4d8c-ac20-062524c558a4,Mabel Curtis,Sales,ENEL
53c188f1-e2ec-446d-8b92-769cc01634b9,Alexander Ellery,Research and Development,DynCorp
825be4fd-69bd-4106-bc19-309bd06b788f,Michaela Price,Accounting,ENEL
f970d2cf-6593-42f4-bdd7-96090ad419ac,Jack Vallory,Accounting,ENEL
35e0ca6b-6010-4c1b-aa9b-de19266db14a,Vera Dyson,Accounting,Metro Cash&Carry
134ee71e-009c-46c9-88d6-c6495a3baf1f,Ivy Andrews,Purchasing,Vodafone
645a9701-2341-42ea-8eba-faa3be3afcdb,Elly Donovan,Operations,DynCorp
c1ddae56-7ace-49c5-8e7a-637f9b8605b6,Taylor Wills,Human Resources,Facebook
376f8c53-63f4-4d06-81ac-482fc85da7f1,Mark Fox,Purchasing,Team Guard SRL
74deb71a-a054-42f6-9f9a-beb3cf7dedb8,Leanne White,Human Resources,Biolife Grup
2b03a1e4-7160-4578-87e1-8d96d02171f8,Rufus Steer,Purchasing,Metro Cash&Carry
e32e07c7-eae7-4fc5-bb3d-d11e70402e93,Naomi Abbot,Human Resources,DynCorp
e53fab2b-d6c4-4795-9aaa-a500756a9f6b,Tyson Pickard,IT,Areon Impex
f745bbc9-6d1a-43b9-90cb-6d7b37c19e65,Caitlyn Leslie,IT,Biolife Grup
a5cc2c55-a34d-4b91-acaa-999dbf005900,Kieth Tate,Sales,Carrefour
c1317e74-2981-471b-b60b-d73d8bafe90d,Sara Emmott,Management,Zepter
11d30243-2d60-4886-9938-1d1163392caf,Bryon Campbell,Accounting,Coca-Cola Company
9e9ed250-f1cb-4176-b664-d1e760224632,Samantha Armstrong,Marketing,Leadertech Consulting
fec6a51e-dca5-4eea-9949-d35b6859c18a,Ryan Hepburn,Accounting,Coca-Cola Company
d97e7dcd-4602-42f5-a464-417c58ebb745,Jessica Alldridge,Purchasing,21st Century Fox
c4b1bea3-ad5e-4bf2-9f87-12e8fa33c2c1,Tyson Aldridge,IT,Leadertech Consulting
69aa2de9-3b7a-41e6-a4bd-dc00f6af31b8,Aurelia Fields,Finance,ENEL
7dedfe50-7061-41d4-8b29-2db474cde799,Daron Mccormick,Operations,Telekom
41163bd2-707c-4aed-8c14-7e7f5fd6af0f,Sloane Pearson,IT,Leadertech Consulting
6898405e-a501-479a-a049-63c723406a4b,Rufus Egerton,Marketing,Comcast
9c03b5b1-789e-45d5-ba5e-ed292a1a4270,Alexander Wilkinson,Sales,It Smart Group
942eb4cf-58d3-4d2b-a269-07a87195d15b,Cameron Watson,Purchasing,Facebook
d184b5fc-d5cd-4e0f-98fd-7ec049076971,Mason Partridge,Finance,DynCorp
3337a15d-020a-4b36-bba7-2caf90aa982a,Florence Morris,Sales,CarMax
32ca1a5f-effc-4ab4-99ed-2eddb26af71c,Valentina Rogers,Research and Development,Telekom
4013af1d-8d2d-4a64-9ec1-8424688cb971,Danny Griffiths,Operations,Carrefour
e1d3d24b-8d53-4b9b-a449-fb6866f6d931,Ruth Eaton,Human Resources,Coca-Cola Company
279b0b56-5bf0-4c6f-979c-0cb1ea05046e,Sage Wood,Research and Development,Mars
a0c58bcf-0021-4989-b656-92313b86128d,David Ellwood,Research and Development,Amazon.com
24fd5def-4480-4f33-8da7-9d0769016976,Alexander Gosling,Research and Development,21st Century Fox
942e473b-f5cb-4a8a-842a-9905d3042606,Erin Vass,Marketing,ENEL
4ac9ec32-804f-4111-90e3-96f9b20f4de2,Leroy Nobbs,Purchasing,AECOM
3a9008ed-87d6-4b12-b9e7-9d846d397745,Britney Sylvester,Purchasing,It Smart Group
d62f28dc-b2e0-46ce-8f48-c0f8e4f0fa45,Marvin Swift,Finance,UPC
aeead1b6-7303-4521-a9cd-0a2394a8bbe4,Fred Hamilton,Finance,Coca-Cola Company
5a41bc57-d88b-450d-bd1c-134e367dac63,Goldie Weldon,Research and Development,Areon Impex
9e9efdab-d62d-4bfa-9d12-95023ea69e2c,Bernadette Wilde,Human Resources,Vodafone
1ff3a4f6-d042-4cb8-992f-566bfb3a698d,Jack Thornton,Research and Development,Demaco
a5e89b08-5054-4638-8cc7-e9c9b3ffc543,Priscilla Abbey,Management,Mars
77a07f16-2980-477b-9c61-16d667028a75,Tyson Carter,Sales,Mars
39203d9b-54cc-4f47-ab10-89054c1e5216,Phillip Weldon,Management,Carrefour
afcbe6a7-19e1-439d-aac6-2411ea33ee59,Lynn Eastwood,Marketing,Biolife Grup
bac0c863-fba8-4d3f-a002-a3942f8b1218,George Reynolds,Marketing,Facebook
50ee3694-b237-4868-b9a5-ccdd23719e7c,Rosalyn Tate,Sales,Areon Impex
4605fd3a-e6b0-497d-8e50-10cb8512e0e6,Mike Henderson,Management,Comcast
7fd3bc3b-3d05-41c5-b1b7-fe3fcb3faddb,Chester Nielson,Human Resources,It Smart Group
9a48c2a2-0878-4a0e-b9f8-32a43efa26b5,Maxwell Adams,Marketing,Metro Cash&Carry
a213b5fc-9aea-4af4-8d95-884793db463e,Nina Curtis,Marketing,Danone
30a9b840-f7db-4e62-a564-0bea9cebe55e,Brad Hall,Human Resources,ExxonMobil
f9489e06-a235-4520-87ea-155a42ca628b,Boris Yang,IT,Boeing
453c255c-f2f3-4c00-8862-389391bf1582,Marie Jackson,Sales,Coca-Cola Company
f609cc0c-3475-4462-b677-7a67fab065e4,Johnny Shepherd,Finance,Amazon.com
5d0a414c-31e0-439d-8596-00284c110cce,William Wilkinson,Purchasing,Vodafone
8d781afb-cb81-4efd-bc9b-55f62aa9b836,Maribel Uttley,IT,Leadertech Consulting
e72d29f4-38a7-4a85-b4ac-d5e0034685a2,Tony Brennan,IT,ExxonMobil
0d9c249d-965d-4bcb-8e93-9be8859834b7,Naomi Steer,Operations,DynCorp
e488e9f7-6e5c-477b-b07d-2b793ea92f3e,Chanelle Thornton,Management,ExxonMobil
510cae01-537a-4476-ad9e-7d1b86b0183e,Kassandra Crawford,Marketing,Telekom
e0d19ef8-5969-4583-bb0f-c1ff84a12c90,Matt Mcgregor,Human Resources,It Smart Group
fc5a20da-c95a-4830-aead-b19efd9b0132,Ciara Driscoll,Purchasing,It Smart Group
6d1e2d70-9281-4d5b-a007-84ab655b415b,Mary Matthews,Purchasing,Erickson
1d3d256a-e9de-4ea5-8bbd-4728b9ed3c0f,Matthew Baker,Finance,Leadertech Consulting
56088f83-c54d-4240-8896-623b842c36a3,Vanessa Tyler,Marketing,ENEL
142dba20-5186-4d38-ba84-81e8421c362d,Ron Walker,Human Resources,DynCorp
d530dc73-ef2a-4707-8c39-f219e29fc40a,Lucas Asher,Purchasing,Zepter
3da9a7b4-393d-455b-8a67-eab5cac44883,Shelby Benson,Operations,Telekom
4e00475f-ff3b-49cb-a6b4-04df8289de23,Lucas Duvall,Management,BuzzFeed
9e1a95bb-1431-45b3-8459-8aa2368d38fe,Eduardo Dunbar,Purchasing,Leadertech Consulting
363de959-2806-4c1e-82e1-0245dd055c3c,Evie Larsen,Operations,UPC
5870858b-9327-4020-922b-25b55e4386ef,Maxwell Rees,Sales,BuzzFeed
dba005c9-85fa-4a69-9ce9-bff9dd3e71e5,Jenna Horton,Human Resources,Carrefour
85dfc409-8356-4226-a5f0-f68bd39a0d5c,Phillip Upsdell,Management,ExxonMobil
647e2ccf-bf1e-4935-bf41-7f6fb5fd93eb,Lauren Payne,Management,Metro Cash&Carry
2100ade8-6af9-42e2-bc95-08dd7d9eaa90,Chester Hammond,Human Resources,Biolife Grup
6d03e5ef-1ba8-4715-8548-d8dfbf3f4d72,Francesca Eaton,IT,It Smart Group
2d49e257-7a12-4d6a-939a-179d42bd5301,Barry Woodley,Operations,Danone
1232e332-f415-4021-b84b-1a1dfd144f09,Kassandra Durrant,IT,Vodafone
e179758d-58a0-4166-8a9c-dc8c5c5ff7b8,Lana Tanner,Management,Erickson
051e65de-220f-4121-bc76-ce0afe919281,Valerie Eyres,Human Resources,Carrefour
0ccf4222-2656-4e44-a91f-f9ea69a30d38,Marie Boyle,Marketing,Zepter
2e5ef794-2fdc-46eb-993e-21ad7418916f,Enoch Grady,Marketing,Leadertech Consulting
d605957e-88de-484f-bb13-2676ae39ff65,Valerie Stevenson,Purchasing,AECOM
205d8b1e-9a71-4b8b-a70a-ba5a76b86733,Mackenzie Mason,Human Resources,UPC
a3e4afa7-288a-4e0c-9c4a-0d08a06b00ee,Clint Rose,Marketing,Coca-Cola Company
3e199083-bab9-487c-a460-319470685a5d,Daron Harrington,Finance,ENEL
60db7798-7df4-4ca9-bc8f-8fb3ad8424a8,Kassandra Wright,IT,21st Century Fox
2d3bfe76-5ea3-4186-b0d8-8c26831a8821,Bryon Page ,Research and Development,Telekom
6c23e40e-9eac-4b19-a591-ad996f95a25c,Bob Cox,Purchasing,It Smart Group
7cc8fb38-ebf4-4b2e-8b43-e0b5c101875a,Kenzie Whinter,Sales,CarMax
73f21125-5084-4fb1-8771-4de452be66f1,Matt Hunter,Sales,Danone
321cbbb4-d838-4ddf-afd4-3215d28d2a1a,Rachael Holmes,Marketing,Comcast
512e5ca2-ab21-4cd2-8b9c-fc62a7d1fb45,Phillip Hewitt,Sales,Metro Cash&Carry
ffe7810d-b3cf-4c1d-8fb2-55880bd9a1bf,Carter Stewart,Research and Development,Areon Impex
39b0c161-cb49-47bc-bbef-4727e11ef942,Wendy Jarvis,IT,Areon Impex
d2801ae1-dc87-4426-a03f-6e1b374223bb,Nick Whinter,Finance,ExxonMobil
4497ea96-86e6-4052-be52-e5f3eac9ae11,Evie Jackson,Finance,Leadertech Consulting
bfc1d77c-7017-4d19-b192-ab47664c3e4c,Daniel Young,Accounting,Boeing
f234666e-4d07-4344-98ea-e65b83ae4fe6,Logan Drummond,Accounting,AECOM
f30a9cbc-9242-4f02-811d-fd8fd86033e3,Peter Gilmore,IT,Biolife Grup
bf232696-2abd-4292-86f1-bac8530fe770,Juliette Alcroft,Research and Development,CarMax
63a55d71-b152-4ee6-b8b0-176120df3c6b,Caitlyn Owen,Research and Development,Zepter
47eab515-f18c-4d27-b819-4204719941d9,Callie Rigg,Management,Vodafone
a42bcce8-be1f-4dfa-b8f9-757d5cb71398,Ada Herbert,Marketing,Global Print
14568b6f-a123-4abb-a32c-49ea3adf9920,Tyson Goldsmith,Finance,AECOM
7c78fe33-d96c-4690-a378-2cdedea5b2c7,Kirsten Santos,Purchasing,Comodo
06a715fd-8498-4072-a126-ccaa7e5a6e87,Rita Barrett,Management,UPC
98588809-defa-470f-80fb-0133a00df702,George Osmond,Finance,Biolife Grup
886c4818-c47d-4363-bc04-c1831794038d,Bethany Trent,Sales,Amazon.com
1a1e4f4c-e64b-42b5-b7db-3788db89d628,Mike Bowen,Human Resources,BuzzFeed
2eb12b95-ec93-4941-b29c-1db679e2e9b0,Nate Nicholls,Accounting,Coca-Cola Company
6e427776-6764-48df-943e-3f6417113a24,Brad Parker,Management,Demaco
80945646-fbfa-4611-906e-72d87d74892e,Julian Tutton,Sales,ExxonMobil
655f9943-93bf-4d97-9a15-b1d7c8cc0acc,Alan Stuart,Research and Development,AECOM
f41df7ae-7e65-4b9d-a031-071e02602cc2,Manuel Harrison,Operations,DynCorp
20150f30-0b11-4970-b936-0cd597ff0b9a,Raquel Parsons,Purchasing,ENEL
11285d44-df38-42ba-acd6-77e3cea0bdff,Tony Mooney,Human Resources,AECOM
51d45a11-4265-409a-9466-beeab5af9840,Carter Graham,Management,Biolife Grup
c32e4ff2-5085-455e-a87c-d3d08822f90c,Benny Truscott,Management,Leadertech Consulting
3f1f9c5d-fc3f-44fd-a4e2-62ca62040953,Kieth Grey,Finance,Carrefour
fde1aade-2352-4b33-a673-677070073aa8,Nicholas Faulkner,Sales,DynCorp
efddd704-26f2-4ad5-a647-3d4ac2386a5c,Rylee Sherry,Operations,Erickson
3ef8d426-a62c-4805-b27e-d1d4a34c41f1,Skylar Foxley,Research and Development,Areon Impex
f57f4684-3334-414e-87d5-419c69200612,Zoe Hunter,Human Resources,Team Guard SRL
eba1f83a-5959-41c8-86ae-e53aba33a70a,Bob Morris,Human Resources,Comodo
52d33c3b-c82b-4237-9a57-39ffd6a9b9fc,Chanelle Hooper,Finance,Comodo
0bfa6b9a-2509-4551-8985-2a9a95f41dd7,Paula Ripley,Finance,Demaco
e339ece2-e494-419f-88b7-14f5c3512211,Zara Saunders,Management,DynCorp
5fb53dfe-503b-47a8-842d-c207d7a44dc9,Adela Drummond,Finance,AECOM
2ea8fc67-efac-4ec9-985f-3f45908dbb0e,Owen Marshall,Management,Telekom
0876be7c-6010-4f3c-946b-156d52dc78fa,Adela Stanley,Sales,Team Guard SRL
aee527cd-8ac0-4e63-b8b6-f44746236ca7,Rylee Noon,IT,Global Print
eb3a154c-5b8a-45a0-a653-734c68e12961,Janice Noon,Operations,Telekom
3d44808d-058d-45a9-ae2d-33915bbec7e7,Erin Tait,Human Resources,Telekom
879c6143-d0d9-4aed-95be-9c962fae42b0,Bart Hunt,Accounting,Mars
8759c0b3-c1c2-41ac-8612-6ff2cd16b0c1,Faith Driscoll,Sales,ENEL
e0485009-a9b1-4a36-aade-b262df02a0b9,Hazel Weatcroft,Management,Apple Inc.
e53345e5-a579-4a93-8339-e88fe577025c,Elijah Harrison,Sales,Global Print
b3532ed2-02a0-40b1-bf82-1e247876e3e4,Chloe Henderson,Marketing,DynCorp
ac84cdc4-a14f-4a67-b43d-3069be0c1c67,Phillip Price,Management,21st Century Fox
17cfc96f-a1b1-4a59-9f35-cd80ba22c4e9,Danny Asher,Sales,CarMax
7b57cdb6-d077-4e20-9385-a2671adce223,Chuck Bennett,Purchasing,Demaco
09b368eb-a26b-48a1-bf67-4e089366b697,Doug Warren,Human Resources,Metro Cash&Carry
82d41964-4543-4712-b5eb-6fe4b2b2790f,Violet Walsh,Marketing,Vodafone
4f2e73eb-2d5e-4c71-9a75-0f47c8696dfd,Caitlyn Reynolds,Purchasing,UPC
2c88f897-3cbe-4ff3-8c3e-55bb90c1cda5,Fred Craig,IT,Telekom
979feaeb-6d02-4369-ae68-d71d53210689,Judith Lambert,Operations,It Smart Group
ec831fa8-e05d-4f93-aeaf-4d20c5d97da5,Alessia Harrison,Management,Facebook
2d41e9f3-1513-4a52-abaf-e8d6f44544f4,Angela Cork,Human Resources,Comcast
803c1a15-2b7c-4996-84a6-921bf87258fe,Julian Farrow,IT,21st Century Fox
6556f281-634c-405d-b3de-b60f47bcf30b,Mina Woodley,Marketing,It Smart Group
b7d69793-34bb-4c10-8737-6c77ad77f915,Michael Lunt,Human Resources,Areon Impex
5eab925d-2d10-45f4-baf2-ac96bd9f9ed2,Emerald Robinson,Management,Biolife Grup
230813d1-a3f7-47d9-aecb-eaab732f275a,Carl Ashwell,Purchasing,21st Century Fox
037f14e1-0688-4e3d-8523-9c219f2ce668,Abbey Rowan,Accounting,ExxonMobil
52f72493-324a-4c08-973a-bb6014fddbc3,Stella Sawyer,IT,Global Print
9e043019-884c-4ecc-8b94-bf8ea41507da,Trisha Kent,Management,Comcast
c7fc861b-7fcf-41b7-bd21-3a362750f84a,Jack Garcia,Management,AECOM
17c9cfea-c59f-4aed-8fef-3153ac19136d,Rufus Richards,Accounting,Zepter
ca4996d4-3ad8-4ce9-ba73-4539866faa70,Tyson Jackson,IT,Apple Inc.
6bce0ee5-e092-46ff-953d-46a697e4a993,Johnny Brett,Accounting,Danone
7e1b1ca0-cb46-4de4-b3ef-8b4571449694,Peter Tutton,Management,Carrefour
1d25dfac-cf94-4da7-bf32-ba206642d0ea,Oliver Anderson,Finance,Biolife Grup
94d48c26-db1d-4b9f-868d-742cf77717f3,Maia Hall,Finance,Comodo
b37eee7a-b8b0-4fbc-bec8-f73e8f19aa8a,Christine Wren,Operations,Biolife Grup
02475623-95d9-4fc5-9646-998232ea1dfb,Mandy Farrell,Sales,Danone
a498e2c1-b6df-4a76-919b-baedc15e1c42,Owen Yoman,Human Resources,21st Century Fox
21713fac-1dad-48a9-9d83-97c6dcf83a20,George Niles,Human Resources,Global Print
42c0192e-88cb-4387-9683-66fdd5ac5dce,Caleb Bentley,Human Resources,Boeing
a67e4db3-e1fd-4a14-a046-b92a30f94709,Macy Ellison,Research and Development,Comcast
25299e8c-b32f-419c-87d1-c312ac6adb02,Alan Devonport,Operations,Zepter
41adc1a6-29c0-4fd8-8eab-7f9bb3f156f3,John King,Research and Development,AECOM
69ac9b55-1952-433c-9cd3-f98dfa125a0b,Matt Murphy,Human Resources,ENEL
b0ae540f-5de0-4ea8-8017-f59d8c8c478a,Quinn Stevens,Sales,Biolife Grup
9cbd2f7d-d0f0-4f3e-ab6a-1dcd17e1e1d8,Daphne Archer,IT,Amazon.com
76a1aa45-5266-461b-a3e5-762ed21d1778,Rosalee Moore,IT,Biolife Grup
513f1ee7-ab77-4ac0-a9c0-bc82da3182e3,Monica Wright,Management,Facebook
c29b0fbe-5900-44ef-b47f-3607b0d0f7a7,Sloane Whitmore,Operations,Demaco
e833f080-f024-4dbd-a367-c8133c76d301,Robyn Ainsworth,Sales,Areon Impex
49ca6402-2691-421a-ac8a-5e6b4ba8f386,Jacob Norman,Research and Development,Boeing
a703c383-6e98-4272-b7e3-033179a856ac,Chester Collingwood,Marketing,Demaco
03f59bdd-28af-4a9c-873d-c1012f4fa826,Mark Spencer,IT,Biolife Grup
5b53e700-df5a-4897-9b5f-f25b8fd0d55a,Russel Waterhouse,Human Resources,Carrefour
b66aa1db-d271-4762-b6f2-6bc296e8d7a3,Paige Gunn,Operations,Coca-Cola Company
94dca4a7-ea45-411b-a77d-3d0bd101383d,Rufus Thomas,Marketing,Amazon.com
28d82119-8d5c-40d4-9fc0-f64f22c424f8,Mabel Logan,Sales,Boeing
15944ecd-6ab5-4e65-9f52-c55191d0eb08,Erick Grant,Research and Development,Boeing
666307cc-7cb6-47df-9612-4b093770ea14,Kaylee Allcott,Research and Development,ENEL
f1c5ba67-eabf-4f71-a404-d4316826c57e,Miriam Allen,Finance,Amazon.com
a701e3a8-a88b-430e-bbde-b2c23a83cdf3,Barry Power,IT,BuzzFeed
fd4c7f06-dcc2-44d5-9c30-5b2ac699d25b,Teagan Stevens,Sales,Danone
e473656c-599d-4ffc-9327-ce1cefa92a35,Danny Olson,Human Resources,DynCorp
43c95be6-711b-472d-a543-eb21873d984a,Percy Tait,Sales,Amazon.com
fe160f5c-74fd-4b1e-aca1-7115e25cd984,Russel Dann,Management,ExxonMobil
9246548e-bc52-4e9c-b08b-4a7eec3f93ef,Bethany Miller,Purchasing,Amazon.com
e05f7dc0-8de0-4526-b882-883f2e9ab14e,Sabina Addison,Human Resources,Telekom
71f45360-a4fa-408e-a608-4d296f638e39,Alexander King,Research and Development,Danone
35a32abf-5087-495d-977c-33a0fd43d360,Cecilia Ventura,Sales,Biolife Grup
bac6ede7-5e75-4bc7-97d7-4f0a947bf0c3,Carolyn Poulton,Finance,Carrefour
72354aa1-0285-48c6-b953-540b08370621,Julius Isaac,Purchasing,Comodo
e7c225f8-5159-47ff-9802-734a4912c2b9,Elijah Oliver,Research and Development,Apple Inc.
ff91baee-165d-4af8-86e7-c0c47c48d7b7,Mason Uttridge,Research and Development,Coca-Cola Company
986eb645-cc34-455d-8eae-a6b109d0c44a,Alexia White,IT,Global Print
d921f462-50b2-47cf-b01d-bc4c9506ca26,Blake Flack,IT,ExxonMobil
281f9d6a-c671-4de9-948d-bc9616b63cde,Peyton Wigley,Sales,Vodafone
0d37135b-ebc3-4aef-9386-d2f7bfe7832d,Boris Downing,Purchasing,Amazon.com
32a445b3-294f-4cf7-bf99-52c575be20c5,Lynn Woodcock,Human Resources,Boeing
687fa1a7-d05e-48ce-84ab-5c3930d453de,Carissa Fleming,Operations,Erickson
47644c90-4428-4222-94a4-f6ac8a833d83,Shannon Stone ,IT,Mars
9b988b74-4ae1-4d3d-b85c-e43270844cd7,Rose Radley,Sales,Leadertech Consulting
4021f1c5-1139-484c-bbab-478cf3e1b195,Rae Stewart,Human Resources,Global Print
9864b86c-6321-47d6-8276-9e912e767abe,Marina Mitchell,IT,Mars
b94dcaae-7f73-49f6-90bf-9e5ccb46ae69,Mayleen James,Finance,Biolife Grup
94c1e7f8-b208-4ea4-81f7-145a7d418490,Tess Tailor,Sales,Areon Impex
113548dc-7e1f-42d5-bde7-12d77d8c9554,Priscilla Walker,Management,Apple Inc.
1f30e12c-7aab-43cb-a73b-bc29b6a4d78d,Bree Scott,Finance,DynCorp
450b5c38-e89d-499f-9859-a9604e76695c,Ethan Rees,Accounting,AECOM
449eee89-db31-42bd-88c8-73d7dd26c1b1,Bryon Little,Finance,21st Century Fox
740ed666-40fe-4486-91cd-3e444caeffc6,Carl Bishop,Sales,21st Century Fox
57c3ac52-d6f9-4d62-9486-d7fa05c877d8,Josh Lindop,Purchasing,BuzzFeed
6bfd429d-9667-4103-8ef1-41bf0a8d9f2f,Audrey Stone,Sales,Danone
906367ad-5cce-4147-a299-1b6ba54e8d25,Julia Janes,Finance,Coca-Cola Company
f063e6a6-1906-4430-9ffb-05f5efc0df53,Jayden Taylor,Research and Development,ExxonMobil
77a4cd3b-c1e9-4bf9-b0c9-46c01dc34be2,Rosalyn Bryson,Accounting,ExxonMobil
b508fda8-4dcf-42e9-98b8-f13084fd11a9,Alice Plant,Operations,AECOM
5ae91786-a72e-47a4-ac0c-bead3bb2190d,Gabriel Waterhouse,Purchasing,Demaco
eea6ace5-6a83-4b66-ae58-2cf80a2049c4,Michelle Mcneill,Purchasing,Danone
56458505-fa92-46dc-afd1-e14161e46556,Christine Reading,Management,Carrefour
fadeb893-67b4-45af-ac4a-0b3faf154d07,Ramon Tobin,Research and Development,Leadertech Consulting
9e903fbd-c696-44a5-ba67-b50db5077651,Penelope Carter,Finance,Apple Inc.
f3faac88-e804-4b1e-a416-231afb3d9c3e,Boris Waterson,Human Resources,Comcast
6fc10086-20a3-4f56-b995-61449e749124,Elisabeth Oldfield,Human Resources,Boeing
aac1ec1e-0f41-419e-ad89-dc57436343d9,Abbey Attwood,Management,Telekom
36a0af10-8476-4bb5-beee-1bf858d11111,Mya Walker,Sales,Erickson
0834870e-fe0e-47d8-87dc-5f4c4e667b2a,Kieth Tindall,Management,CarMax
47bd4f14-0c4e-410b-bda3-a537ae52720a,Percy Devonport,Finance,Comcast
339cfac9-daaf-4185-8ff4-99407366b63d,Noah Rose,Sales,Erickson
9882ea86-89cb-4f2c-a26b-068f88678153,Harry Nanton,Sales,BuzzFeed
e217404a-d274-43cb-b755-e13b931a0a14,Marvin Snow,Accounting,Facebook
f53bb8ef-8074-47b2-8471-ec84697cb9d1,Olivia Rust,Human Resources,Apple Inc.
556f505a-8228-40c7-b257-1421ef997b7b,Doris Fulton,IT,Boeing
a92278d7-554c-48a9-9079-680651b5da4d,Bethany Buckley,Management,Boeing
1ba75f02-1e5e-46f6-8528-a6a1a1bf58aa,Irene Wigley,Research and Development,Telekom
55b38f3e-c0e8-49a9-9121-e76071aaca59,Mark Nash,Purchasing,Coca-Cola Company
4650c36d-7c50-4e04-bb4f-4e6587a25043,Jack Snow,Research and Development,Comodo
8d0d8ce6-2869-4afd-9481-a3adc07ae1a8,Lily Hamilton,IT,Erickson
91eb4af1-e632-40f6-a29c-bc6937bc17c0,Gloria Carpenter,Operations,CarMax
f8cb66cb-87b0-4288-82c9-30d49ef54e49,Melinda Durrant,Research and Development,Coca-Cola Company
0ee3778a-88af-4dcf-a750-7142b726038c,Makenzie Grady,Research and Development,ExxonMobil
d0888d73-a643-4edf-a154-1655c28c3150,Denis Mcgregor,Research and Development,Vodafone
46fc2650-8eaa-4947-b241-7f9cce11824c,Chester Hastings,Human Resources,Mars
d9fd260e-b8d8-4328-94a0-f8c67b51a687,Nicole Varley,IT,UPC
1790cbde-8df4-4a1d-9aba-1bdd38a89b24,Maribel Carson,Finance,Comodo
16e230d9-9060-4090-8c73-63347c57eae7,Remy Knight,Research and Development,Telekom
e31b5735-2ff2-431c-9f94-ee880544902b,Leilani Rixon,Finance,Global Print
aeec18c8-8923-4a71-b766-a03913c380da,Chad Ashley,Purchasing,Zepter
340fed0a-4d18-4ef0-bd2a-fcf5f579424b,Jasmine Vaughan,Accounting,Areon Impex
2320360c-22fa-4545-ae34-0a25c29b0923,Moira Umney,Research and Development,CarMax
763c1e67-6320-4e55-93ae-8c52feecd9ca,Jackeline Uttridge,Management,UPC
dff35df2-42c7-43d2-93d8-dd9243e63e54,Maxwell Walsh,Research and Development,Mars
7c783cb7-9bae-4b71-9fc4-98d8fe6e9b4b,Tony Weasley,Marketing,Vodafone
5b13f464-9522-4ae0-bdd5-db7f990ea9ba,Nick Quinton,Finance,Vodafone
e6f59722-6cdd-4bf6-80ce-cf4f6e23abb8,Carrie Speed,Research and Development,CarMax
f7d5c54e-48d7-480e-894d-a04f6f43bace,Margot Ashwell,Purchasing,Comcast
dd1be02d-21a3-46de-997f-3edc2df4102b,Bree Faulkner,Research and Development,Demaco
e8bdf992-3660-4e46-9630-34a40c1703ef,Russel Edwards,Accounting,Danone
a15e17c2-47e3-4ec3-8c3c-f754e8b91f4e,Chad Nash,Human Resources,It Smart Group
32ab24fb-b663-4a27-8489-1b29f1db7749,Marina Rothwell,Human Resources,Telekom
91534651-2555-44e1-8433-646f1d800562,Kate Adams,IT,ENEL
c25316e1-e36f-4fb1-ad9d-57cb4d828d16,Nicholas Benfield,Management,Apple Inc.
4bab4ef4-2cd8-48b3-b955-63f41614bcbd,Erick Horton,Accounting,ExxonMobil
d781988e-e10b-4b23-843c-4913f6bc1590,Leroy Stanton,IT,Danone
80a3c59d-70ae-48b5-bdb1-d041be5038fe,Tony Simpson,Research and Development,BuzzFeed
dc66e5d7-ea3f-40b1-b407-b653575a790f,Matt Cann,Sales,Biolife Grup
197b4598-d71d-48e7-a29f-9ae63091295f,Kurt Nobbs,Management,Team Guard SRL
c39b3cce-fb9e-434f-bab9-600377d5b9a2,Lindsay Wilson,Accounting,Carrefour
a54d5d39-6c50-44cf-ba3b-d1f635d52b9d,Mya Widdows,Marketing,Carrefour
2d54fbc9-0b11-4329-be6b-fe80bd05d965,Peter Farrow,Operations,UPC
c587f9d3-e83f-4421-98ca-9f3ad462d497,Johnny Phillips,Marketing,Boeing
76662e0b-4ed8-46f1-805a-90457c0ac5c7,Allison Murphy,Sales,Comcast
2df81f83-793b-4bd5-be61-17465b27b19e,Zoe Vallins,Sales,Danone
c7097c58-8c80-4c2f-9d98-f0b4b1a67e69,Phillip Higgs,Human Resources,DynCorp
aedc2959-b83a-4e37-b2df-e241b7dd388f,Kieth Redwood,Operations,Erickson
e21976a2-a6c5-4c91-a200-04522220d7f3,Maxwell Gibson,Sales,Erickson
bd372ad7-02d3-4c53-bf32-6cd24de7ab83,Emmanuelle Hall,Human Resources,UPC
2adf740f-ec44-49cd-9fb8-c9895d41304a,Percy Owen,Operations,Danone
da29c126-853f-49af-bb48-21fe9badf122,Abdul Donnelly,Purchasing,Demaco
a87365e2-f717-4334-bf47-8a5ddb2a1c39,Boris Silva,Purchasing,Boeing
e24fb703-68bf-41dc-a6c7-367b9440865d,Josh Hobson,IT,Facebook
11b37595-7eeb-4d1a-a8e4-28c7e3040bda,Javier Tailor,Research and Development,Mars
f53acd18-4026-46c2-a587-979ff1bad5b8,Henry Mcleod,Accounting,Mars
1a881504-e33b-47b9-847e-07bba758f5e3,Daria Parker,Human Resources,Vodafone
0fbb8764-e6d6-4e5c-9050-68d0ddb1f722,Phillip Mcguire,Marketing,Erickson
30df49b3-9079-4904-a833-7dfe5aa64897,Peter Gilmour,Finance,Leadertech Consulting
8a576d78-5c67-47e0-ba80-c3b9067a68e6,Sabrina Becker,Research and Development,ENEL
4f59591d-aec2-4266-8f9e-176cf67b2498,Bart Kirby,Operations,Apple Inc.
3d367e25-45a0-4d30-b4b0-af58bb47cc88,Chuck Furnell,Sales,21st Century Fox
cd6a35de-9cfd-4d66-9f74-f9a8c6835ab5,Noemi Campbell,Human Resources,CarMax
1fe659cf-d62d-41c3-85a1-5462a408030f,Julia Radcliffe,Research and Development,Zepter
7ee01b29-bd3c-4fa7-a214-9747ab4115bc,Skylar Sherwood,Management,Facebook
71c0975a-451f-4d25-bd5d-ee3473270e80,Makenzie Ralph,Human Resources,Apple Inc.
a8740a6e-ab56-4653-a3d4-41e1981c2051,Danny Cameron,Finance,Coca-Cola Company
37ba26c9-1080-4d49-8bfe-80f405b00554,Daphne Redwood,Finance,ENEL
ce43bff4-daec-483e-be79-371b209fd7dd,Camellia Vinton,Research and Development,Amazon.com
3815a268-08c2-49e7-8996-295af3f0f22b,Jacob Kidd,Purchasing,Comodo
83313baf-cef8-4e01-af8f-881e17336e25,Javier Marshall,Marketing,Vodafone
bd9cf314-7052-49f2-a9be-88067647bd5c,Ada Benfield,Research and Development,Facebook
9691e3c7-7c8c-46d7-b086-25c3c7cc2b2a,Norah Rowan,Accounting,ENEL
8be661b1-97d4-4045-8856-e6dc907281d3,Mike Carpenter,Human Resources,Metro Cash&Carry
ea5e01d7-2278-45a1-859d-9b623d73b1b2,Denis Foxley,Management,Leadertech Consulting
15c09b81-0793-4a42-b231-8370a5b8f317,Jazmin Hooper,Accounting,Coca-Cola Company
b3676b21-6b5a-476c-b0aa-aa72e7f00c87,Sebastian Silva,Human Resources,CarMax
efda0389-b10f-4086-ae1d-86af3ace00c5,Javier Villiger,Sales,Danone
58606cb8-72d0-4a14-99b1-b9117ca916c1,Ivette Stevenson,Human Resources,ExxonMobil
f45c2bb3-f552-49fa-802a-301e516c4c75,Ryan Booth,Accounting,Vodafone
5f8b230c-4f1e-4fba-8958-fb28e1cec95c,Leroy Pearce,Operations,Facebook
b2f446cf-d5ec-427e-891d-e74b345c0640,Sebastian Furnell,IT,ENEL
7ce52529-b9f7-4dd8-aeae-840e8b79be01,Aiden Cattell,Research and Development,Metro Cash&Carry
3cb9db1f-860d-4cbe-a308-084a172ada33,Phillip Lane,Accounting,ExxonMobil
a56efef9-d61f-4759-9063-27645bd27142,Domenic Devonport,Marketing,Vodafone
4ab9f91e-5777-40c4-8742-4e994ec93d83,Scarlett Barclay,Operations,Vodafone
5c8d3e85-b8c0-4d78-8bf5-14eabdede672,Olivia Robinson,Human Resources,It Smart Group
0fa3ec63-8f85-4519-abff-e0189017a0c3,Johnathan Olson,Operations,UPC
98515318-7e31-4aad-acd4-5242eb818289,Wendy Slater,Management,Mars
83c00690-cf99-444c-986b-71c0954b1742,Marvin Todd,Research and Development,Erickson
bede0e02-a5c7-462a-8718-0bf79959600f,Noah Addley,IT,Facebook
198a220b-fb2c-4f90-92a9-cb83499d4aa7,Noah Goodman,Management,ExxonMobil
0504ef79-97eb-4a4c-afa5-693ad9ebbf83,Destiny Norton,Management,Global Print
5af87daa-1a06-4d97-ab9a-27afb0e3d333,Gloria Mcguire,IT,Comcast
8f7663af-ec47-4491-b983-d47a282f5481,Gil Lyon,Finance,Apple Inc.
fb3f5656-3f39-40d1-8a05-ff2cb3b6af8c,Oliver Shelton,Management,UPC
721547ff-63cb-4a3b-bcf3-4d1d72f685d3,Aeris Hobson,Human Resources,AECOM
9c36315c-0004-46a7-bfc3-dd51476033e2,Nicholas Alexander,Operations,Telekom
9ced941c-002b-44e0-afcf-aacb32dd675f,Josephine Jenkins,Sales,UPC
7bb99580-5aa1-419e-bcb1-4584e9c0262c,Luke Wood,Purchasing,Danone
7aed4106-2381-45ac-9998-125212529757,Leilani Dale,Accounting,Demaco
3ccb99f4-c0a9-40a4-9816-bd94de655f6c,Enoch Kaur,Human Resources,Danone
df499b98-48fa-4ec4-86f0-d5413de7c61e,Kirsten Upton,Research and Development,Coca-Cola Company
8577c8a0-260b-41b0-9934-a58bcd49eb40,Fred Rothwell,Research and Development,Coca-Cola Company
98b9fd29-97bb-4a51-ad1d-8432697e7a5e,Callie Allen,Purchasing,Global Print
0f80cf22-5479-4cc3-94e8-bdb17413fabf,Manuel Gray,Accounting,AECOM
2f4916ed-6627-4c6c-872f-4e9d71e08dbe,Bristol Willis,Human Resources,Boeing
b7b489e8-6a99-434c-a499-789ccb33cbe5,Denny Simmons,Sales,Amazon.com
dd07a130-c860-46c5-b741-b2734b97f005,Josh Brown,Accounting,ExxonMobil
9e023ca4-4a29-4d4a-a30a-d9a461478760,Harmony Jackson,Sales,Biolife Grup
37106687-0564-4892-aa94-6fd1e77a1bdf,Percy Pearce,Purchasing,ExxonMobil
226302cf-284c-4bf6-aef4-f24086088e2e,Eden Eddison,Marketing,Danone
5fabeb3e-c6ef-4554-b459-8cd78755e29b,Lucas Ward,Sales,CarMax
41d0c652-169d-42ae-bae8-8fcb889c4ce2,Cedrick Kennedy,Purchasing,Erickson
5fb6b210-b2cf-4419-87da-6b73360388b9,Joyce Bradley,Finance,AECOM
c988fecf-2769-4431-8e65-9c406fba69b7,Mabel Allington,Human Resources,Comodo
ac792e38-1640-4de4-9d8a-e9106afdd24a,Bob Uttridge,Research and Development,Comcast
cf655f0e-53ae-4681-8f81-702a3ea35633,Phillip Brock,Operations,Leadertech Consulting
a2fa0be0-fef2-4d33-8e7d-baea0d976e5a,Mary Oldfield,Operations,It Smart Group
2409381b-d330-4122-b582-e48bd38d2868,Carter Bristow,Accounting,Danone
e8f11963-78e7-4d00-a984-79c3b36300eb,Rufus Coates,Accounting,Danone
c1ba8d38-cd50-4fc7-9c25-090b722db2ae,Caleb Hancock,Operations,Erickson
ee96ab87-b010-4445-a8ab-06f66788384e,Jamie Woodcock,Marketing,Amazon.com
9323e336-adc5-4ca9-b8bb-99722761053e,Hayden Farrow,Management,Areon Impex
01635bc9-2052-4ed5-a43e-143c6a51aed2,Melania Edler,Accounting,It Smart Group
3cb85f17-f37c-456b-abc4-e2c652749925,Bart Vallins,Research and Development,ENEL
bef6d84d-a47f-420f-970f-8788337ebdc2,Alexa Olivier,Marketing,Facebook
487e8e71-5316-4656-9e9f-332051c76b89,Leroy Silva,Sales,Demaco
ea506c45-9929-4d97-9d24-477ae5b890c6,Tyler Parsons,Marketing,It Smart Group
f7781924-fcba-4378-90b9-ccf3fb523d19,Marvin Robertson,IT,Amazon.com
cdcb23ae-ec9e-405b-b92c-553c813ccd3b,Sienna Nanton,Accounting,Danone
c7cdd9b0-2891-4889-beea-06230261b648,Daria Ellis,Human Resources,Vodafone
35002e76-c4db-4ae2-abcc-2c00c06468a2,Amelia Clark,Purchasing,ExxonMobil
1b635c32-0fc7-4f84-9192-b4c53fd8ee91,Juliet Wheeler,Accounting,Vodafone
8f7e18c8-a446-4bb6-8ff7-518545e52367,Benjamin Penn,Research and Development,ENEL
8ad813de-74c1-48e6-9f6c-3a68cf689790,Martha Wren,Management,AECOM
2ca8366c-c72f-4fd4-b0d8-1d453cd9cebe,Daniel Dyson,Research and Development,It Smart Group
90921ea9-9876-44e6-9f9f-e82139e11020,Eduardo Bryson,Purchasing,Global Print
fa1d43bf-6a6a-49bb-9726-d0fb226c7c57,Sadie Boyle,Accounting,ExxonMobil
9d89ee35-a93a-4d38-aa51-b4557171f8ec,Zara Ashley,Accounting,CarMax
3a032a40-6e4d-48fb-b652-098fe32896b4,Samara Bayliss,Accounting,Amazon.com
ceeedd47-202a-4ca3-ac76-b6b9e3d2a67d,Tyson Ogilvy,Purchasing,It Smart Group
177280a0-11ee-41bb-a5a0-9a155c8a7416,Camden Dillon,Sales,UPC
633ca483-0d67-47cf-a2e1-849c6761e6c5,Wade Oatway,Finance,Comodo
55cb4ea0-942b-4925-9c94-ac6141f82e5c,Danny Devonport,Marketing,Mars
86b42c7c-cf0c-40ac-81d9-b3b0696cd8f1,Joseph Doherty,Purchasing,UPC
a4a72b2d-040d-40be-a67b-dd5bbe76e81b,Carl Wood,Management,Zepter
4c2807b0-fa3a-4709-833f-dfb05912867e,Rebecca Tyler,Finance,UPC
a828609b-a31e-4f8d-9f95-6f83290997fa,Chad Allen,Research and Development,Metro Cash&Carry
80ad34d2-9ee9-43e6-ad39-9fd41302b21d,Liv Gilmour,Purchasing,Amazon.com
1dd159d6-7417-4927-a1f4-1fa2c59fa2ac,Freya Bradshaw,Management,Mars
c325f2d1-9395-41ba-83db-9e37f03411ca,Marissa Mcneill,Sales,Metro Cash&Carry
22c3725f-3a76-4304-9073-95f37d004a03,Luna Ripley,Operations,ENEL
2e2c79bb-a604-44a9-a348-ca454f78c6b0,Scarlett Uttley,Purchasing,Leadertech Consulting
755381ef-db6c-4741-a219-e71980b30894,Lucas Ward,Accounting,Mars
c26c8f30-1b7d-4ac4-800c-b27297ad77ad,Destiny Osmond,Sales,UPC
d0b21987-0065-4f97-9e2d-d702f0fcba44,Selena Boyle,Purchasing,Zepter
2467d5b8-a6ae-43ff-b8dd-e5663022b9a3,Ron Ainsworth,IT,Biolife Grup
030889cf-2427-4886-adf2-1f42a247a0b5,Phillip Pierce,Operations,Leadertech Consulting
8e786cc6-9681-4d24-9d67-086ea3e01199,Elle Fisher,Accounting,Biolife Grup
1be5578c-b12f-4e6b-891e-943335acdbbb,Noah Mccall,Accounting,Global Print
ba094e84-91f6-40cf-8a56-5fec02427fb8,Ivette Robe,IT,Areon Impex
a80db364-ebe4-4706-8faa-9af7c5e410c0,Anthony Ring,Human Resources,BuzzFeed
4faae6cd-b756-409c-81e7-cd8598588ba2,Carmella Chappell,Sales,Carrefour
3f09b5a7-c023-43a2-afc4-f37b53e09370,Jayden Emerson,Accounting,Coca-Cola Company
c721070e-df01-4492-b742-58cf1a3c64be,Johnny Janes,Research and Development,CarMax
c3851d19-3dde-4ddd-872a-ba22c25e8d3c,Stella Lindsay,Marketing,ExxonMobil
59f2e0d2-9464-4326-b8b1-7f40dd5a9067,Naomi Addley,Sales,Comcast
5e4a1854-834c-4293-8f23-e507b50b0fb0,Ivy Lee,IT,Danone
e7bfcee7-9b64-4ff8-a339-11c89db918b2,Rocco Whatson,IT,Global Print
eefa7b9b-0b09-4652-b669-01ef43cca3eb,Maribel May,Management,AECOM
75fcca26-d8f3-4d51-bb3c-7c1fadb8e1d7,Faith Chapman,Accounting,Erickson
9d7ff64a-8bff-4e97-a79b-04aa0cc8a404,Roger Gilmour,IT,Danone
3e9ead52-0fd3-41dc-a65b-c73a9aaddd8f,Irene Bailey,Accounting,Global Print
81b6d134-0495-4dc1-9877-fdbf461f0817,Alessandra Higgs,Accounting,Team Guard SRL
f6657726-379a-4d89-8ad5-03221acbedc6,Owen Clark,Management,ENEL
fc07f55d-74ac-4cca-8305-5f3e627f3096,Shannon Paterson,IT,BuzzFeed
d835f036-2feb-4da5-b87c-2bb44e09cd15,Chester Roscoe,Operations,Comcast
6a790594-4a45-49c0-88c3-3d345d885774,Nancy Strong,Accounting,Apple Inc.
5fee224c-94ba-43d0-8b91-850b5cfe4afe,Destiny Mitchell,Operations,Leadertech Consulting
f839f680-1875-4b44-a0a3-c935c55b28d6,Percy Ranks,Accounting,Biolife Grup
c9ec2690-6dd9-466b-8baf-6bfa2f52ddab,Kieth Ranks,Marketing,Carrefour
5a7ce80b-1547-4225-bf79-8d7f72ab37bd,Benjamin Hamilton,Purchasing,It Smart Group
25d8917d-e960-4886-a180-0da5fd31a303,Luke Gordon,Sales,BuzzFeed
88c9a66e-829c-44b2-ae19-3c054225f0c9,Javier Ross,Purchasing,Carrefour
f5cf43e6-a943-4afb-99af-2a5db5b9b596,Johnny Corbett,Purchasing,Apple Inc.
65912c46-b676-40c9-924b-5b2e787b835c,Caitlyn Graves,Sales,ExxonMobil
de9d3ba4-2c4e-48a1-8c8e-10b1e0e3d221,David Lee,Purchasing,Carrefour
5ba60964-0bfe-4b0d-b5ca-7308a52354be,Stephanie Shaw,Accounting,Biolife Grup
e6b4e3f9-b1e4-4b08-92da-a5fec0d0c658,Goldie Callan,Management,DynCorp
3e1b492f-8517-4763-a6b1-03723ce2bc5b,Leilani Little,IT,It Smart Group
bf292520-1498-4621-b6ba-772dfe8f150c,Elle Ellis,Management,BuzzFeed
c98b6091-e02d-4e09-bc30-84169f5f1d95,Jackeline Phillips,Sales,21st Century Fox
66086884-0c6b-45ff-967e-7084ad6f8880,Tania Robinson,Human Resources,Carrefour
7f446de4-6844-40c0-95ca-4c8b5f57ab91,Javier Palmer,IT,Telekom
3cb2014b-9b0a-4d9d-a269-48ce887d1ad2,Ryan Lakey,Accounting,AECOM
c9a5ba1b-352f-4f2a-9a3f-1145aa304e6b,Lucas Dale,Human Resources,Areon Impex
1db9df16-7595-4211-a48b-4cf26c90da94,Luke Rosenbloom,IT,Global Print
c9caa335-23b2-4f78-8bc1-13b1d81f68c0,Kurt Dallas,Marketing,Demaco
84ae1655-3174-4282-a5f5-880f960ee9f5,Russel Potts,Human Resources,UPC
f4b740a2-71f8-4398-ae8b-06bf7093c1ad,Henry Knight,Human Resources,Metro Cash&Carry
24f61776-0560-4e20-bfac-13d70145692f,Rosie Robinson,Purchasing,AECOM
928dcf6d-7ec3-4dcb-b919-175ed0efcca4,Jennifer Thomson,Research and Development,ExxonMobil
84b579f7-3246-4bab-a3d2-0f2ad64309c9,Charlize Spencer,Research and Development,ENEL
e5ec0bef-0fe2-495a-95a4-6ea2ec13dabc,Rocco Emmett,Finance,Coca-Cola Company
228db2c9-7a22-4c8e-94ef-5fb2a5d8a660,Sebastian Ashley,Marketing,Erickson
1c25d6ac-88e7-4c7a-a190-96194d1f8eda,Emerald Martin,Finance,Erickson
9ce3f101-b0c4-4457-b25c-10308a46d85a,Adelaide Owen,Research and Development,Facebook
aa9f5ceb-0aaa-470a-b40f-073881528e4b,Denis Pearce,Purchasing,Comcast
9db55f31-4cc0-4292-ac34-1618d06c7e6b,Anthony Kirby,Management,UPC
866206c9-1cf4-4ad9-91db-ae4ef9887fdf,Melody Wilkinson,Research and Development,ExxonMobil
1ec4ed46-6768-4472-9ccd-797c3b1d45cf,Sage Fox,Human Resources,ExxonMobil
be6a17d2-ff67-4d63-a318-cc4d619d6d82,Rihanna Bradshaw,Sales,Apple Inc.
62ef78df-6aff-4ada-aa3d-8fc2576277fa,Carolyn Radcliffe,Operations,ExxonMobil
29c15c0f-9060-4315-aa2b-b42e084b547a,Margaret Page ,Marketing,21st Century Fox
3baa3b72-aac8-4266-a7bb-fbf54d0cd00b,Quinn Egerton,Operations,Global Print
7a66b46a-2f99-4d2a-9ced-5277ee1e5aae,Chester Hamilton,IT,Carrefour
4aaa3ae2-bc99-4952-918f-211021a332eb,Erick Price,Marketing,Areon Impex
f827324b-fbd8-4923-ba00-4880e28bead4,Marina Vinton,Purchasing,Telekom
2e4e7492-a86a-489e-8025-027bbee94aec,Alma Thatcher,Sales,Vodafone
ad1036af-1936-4cef-9654-2c86b7c6ec35,Maddison Olson,Operations,Carrefour
50a0601f-cb7c-4aec-9257-7d102a4a3bb4,Rita Lucas,Operations,Areon Impex
4561e278-aa68-4cf4-b324-c4fdc1021226,John Crawley,Finance,Danone
d9c510e8-a589-432f-9b73-c6e0fb95822c,Chester Locke,IT,Leadertech Consulting
17ec5a87-90e4-4133-b26b-9cd4f5ac5ff9,Jacob Sylvester,Operations,BuzzFeed
68bbcd7e-0d54-4ede-b6e1-289a4f893287,Chadwick Ianson,Operations,21st Century Fox
da15953d-27bb-448a-a18d-807c635779b6,Hazel Farrow,Management,AECOM
015bc9f0-3623-4871-b4c9-119eb2f7bbe3,Benny Flanders,Operations,AECOM
7168663f-48e3-4c0d-a717-ac8301133cb5,Zoe Hastings,Human Resources,BuzzFeed
9b5273ae-edd4-4f73-b542-c4e4f886d2da,Mason Yoman,Finance,ExxonMobil
8f7a092f-e693-4b6e-8b5b-b936083d5017,Ryan Crawley,Marketing,BuzzFeed
d7d868f4-29ad-45eb-876a-6384d192ca98,Luke Quinton,IT,Demaco
173079d5-1234-4de5-acef-b74733feb644,Cedrick Wilson,Management,UPC
106e2314-ff30-4f63-90e1-351fb5fd310c,Chester Foxley,Accounting,Leadertech Consulting
adde4ad6-1b85-4cf1-87fe-a805cc5b3d4a,Ilona Wright,Purchasing,Boeing
aa8863a4-dff1-4c5b-ab34-ac54c57cd93f,Callie Shields,IT,21st Century Fox
74fb1d9e-8c78-44d4-872f-89177c9ae5b2,William Mills,Sales,Metro Cash&Carry
7d87f4fc-71ff-4312-b1d8-a628b5db7b22,Alexia Foxley,Accounting,Danone
539136df-9f7a-481b-b9c1-8726f81f0764,Amelia Walton,Finance,Erickson
4667cf76-5c88-44b7-b8dd-c5b66ca6abc1,Abdul Maxwell,Sales,Vodafone
1e3762b0-7943-4aa4-a5d2-f0499c197eb1,Matthew Callan,Management,AECOM
1ed4a783-0a33-444f-a8aa-69d1b84b44ae,Emery Yard,Management,Leadertech Consulting
da08bbdc-fff0-4ec8-9e71-61d6028660f0,Ramon Richards,Accounting,ExxonMobil
90effa86-9309-4fcc-ad56-082ab62538e3,Rae West,Research and Development,Biolife Grup
d48ae34d-b693-458a-95f8-edfa4774644c,Lexi Griffiths,Human Resources,Metro Cash&Carry
969493b2-b835-46cd-94d4-73cb8783ccd9,Harvey Phillips,Sales,Comodo
72f0ca43-2e80-46e0-a192-9f4e0f597b88,Chloe Greenwood,Accounting,DynCorp
e26f0a98-5c94-4cda-b49a-75e1d60180b1,Penelope Miller,Human Resources,Vodafone
bf51c9a7-ab33-4528-83e9-8323349a2319,Gabriel Price,Research and Development,Comodo
540730d2-9be2-43fc-ae6e-70ea3fdc8a28,Marvin Ellwood,Marketing,It Smart Group
8b6347d1-18b6-4ec3-8563-9734fbf3b35c,Jocelyn Sloan,Marketing,Mars
32182e60-def1-42af-a56d-76de3a227d6e,John Noon,Finance,Mars
051e5a8a-96e6-427d-835e-8675c1c24f76,Aleksandra Fulton,Human Resources,Coca-Cola Company
2058a393-2bca-40c1-965b-af51472c7171,Johnny Wilson,IT,Zepter
0fd3730b-bdca-44c9-93cf-0d1811b955bb,Martin Morley,IT,Comodo
dc63a282-89a9-4ec7-af45-3af20631d8b1,Esmeralda Higgs,Human Resources,21st Century Fox
f5afd9af-3527-4253-acb0-f79cf740dde5,Jacob Fall,Operations,Boeing
1865e868-2fe7-4eca-8e91-13db6aa2d33b,Hailey Palmer,Sales,Demaco
ae963973-b2c3-4668-a7a2-5c16228c6711,Peter Roberts,Accounting,Boeing
394b6070-365c-4123-9743-fb4f236bbf58,Oliver Rothwell,Research and Development,Biolife Grup
e28622ae-a2dc-42eb-920c-2bc9e2e76cdc,Elijah Coll,Accounting,Carrefour
2571cec3-cb53-4215-8853-d9636542fed3,Bree Burge,Marketing,Global Print
f951ba91-8f76-41bf-9b99-574681c74588,Ron Antcliff,Sales,Danone
7d8dd233-7bfe-4399-95a9-f48bcb970b3d,Denis Shaw,Accounting,Facebook
0d3e82bb-75fe-4756-aad2-22bb855422bf,Alexander Tennant,Purchasing,Amazon.com
27acdf6e-e6c9-43f1-8b21-45005e2e5887,Anabelle Ballard,Research and Development,ENEL
4a5e0881-e94c-4c56-b9fe-e1b49e3d3df1,Denny Eddison,IT,Comcast
75a2fcf0-aa6e-4b75-bf0d-5349712004cb,Meredith Wilde,Operations,21st Century Fox
cc827b73-d048-4d94-be84-6bef4566ff67,Anabelle Fields,Accounting,Coca-Cola Company
bbc88cce-b502-434a-a137-16ae93348e36,Henry Wright,Management,Boeing
5bb1dab3-4524-4482-89b3-c89454e368c6,Drew Cavanagh,Marketing,CarMax
7326a47a-4348-4b8c-827d-483b635d1973,Chuck Tindall,Operations,UPC
6c138169-b4e4-4f8a-80a9-bfcdb641271b,Marie Ellis,IT,ENEL
62d48fdf-b61b-41d2-bf04-fff716f6435b,Tom Lucas,Management,Zepter
73f823e1-62db-40e2-9ac3-f7d2125c8799,Hank Bolton,Marketing,Vodafone
ef1d30e9-eae5-4a1e-a195-8402e0ea7e07,Nick Tyler,Purchasing,ExxonMobil
1a6c7647-7d5e-4ceb-bf5f-da4d16946d42,Chadwick Blackwall,Purchasing,Zepter
aea6178f-238f-48ee-80be-24718542dee5,Michelle Walsh,IT,Comcast
ad4646e6-e75d-4431-a3c0-cd63d8c9b192,Samantha Spencer,Purchasing,Erickson
70691bac-b7d9-47c9-800e-340745e44d55,Ada Knight,Finance,DynCorp
15d5d62f-4fff-493d-b5c4-e7a867cadc0f,Stacy Morgan,IT,Comcast
aaae7e93-6aca-46ed-a831-65576c30a9a4,Shannon Lane,Finance,Areon Impex
2dae6e72-3f86-4472-8560-2eb518178cd6,Daphne Moore,Research and Development,CarMax
0769847b-9a16-457c-97ef-126d52ac5fac,Chris Swan,Finance,Comcast
96c8dbc1-b389-4c53-b107-1d57e52129e7,Tyson Lyon,Finance,Global Print
34093825-ff48-4cc2-8f5d-c11a5fb1471d,Barney Blackburn,Research and Development,Mars
0a3c301f-727e-4027-ae5d-63aef4ded681,Stephanie Whatson,Marketing,Demaco
225cdc16-38d4-4966-8edf-b553e0aaa73d,Tyson Sheldon,IT,It Smart Group
2a344e6b-c5a8-40e0-b4db-fecad36d0509,Susan Khan,IT,Boeing
fe9df16b-4042-4e03-92b8-82f03c9886e3,Marina Emmott,Purchasing,Mars
46161b40-bc6c-4905-b55f-735ac5c23360,William Thorne,Operations,Danone
7a12d947-eab6-4b5d-abe8-e267a12ea1f5,Marilyn Harris,Management,Biolife Grup
2d244c57-1619-4fe9-9a21-eacc4bada70e,Barry Potts,Human Resources,Global Print
11029075-7ceb-4187-9b4f-4b1fda1096f9,Johnny James,Human Resources,Mars
0fdd0ddc-cd3f-4c87-a5af-87549be9c805,Harry Appleton,Research and Development,DynCorp
cf258479-0e6d-46d7-b565-b4e47f26f4bf,Kirsten Todd,Purchasing,Coca-Cola Company
ef4ed91f-4399-4c70-b817-961b3bd4ea85,Sienna Farrant,Marketing,ExxonMobil
888e9265-8073-4fa5-9640-5f1753b2f060,Bart Crawley,Purchasing,Boeing
96d420b9-26b6-4c31-905b-35e8674306c6,Luke Malone,Purchasing,Facebook
cbfe2b11-7b6a-4958-bc4a-7d81b0e3d10a,Gabriel Phillips,Management,Carrefour
6238f183-a91b-450e-b1bd-b4d5bba56f0e,Mark Price,Management,Biolife Grup
8963f6c8-6262-4b09-a731-811956050568,Chadwick Morris,Sales,Vodafone
6d18ad22-347d-4182-b9cd-ca51236ef1b2,Winnie Preston,Management,ExxonMobil
ecea5451-01ce-4ec8-b479-aa335f5c2475,Elle Haines,Accounting,Telekom
c165b3ce-e022-4d56-b3d4-9a9a5cee79dc,Roger Donnelly,Management,Facebook
0af86837-d79a-4c95-ad49-1efc7483a044,Henry Turner,Marketing,UPC
4578c664-2d6f-4cae-bd9d-7b709b5e9e91,George Mccall,Finance,Comodo
33b1e641-a1c0-4bcc-b1af-0638ce6387ed,Julian Callan,Accounting,Metro Cash&Carry
439b4d2c-0bba-47c0-a75b-d12fa0308976,Aeris Reading,Research and Development,CarMax
ddde9f26-bf44-47e9-911c-396ac2373c1f,Camila Yard,Human Resources,Comodo
7e41baf4-0f84-4dbd-86a2-b0f04d36399b,Nicholas Warren,Sales,Comcast
1c48e178-9e5d-4182-858e-545580bd3bb0,Stephanie Harris,IT,BuzzFeed
efd2567a-6229-42e0-a0de-9f5a13d558f0,Samantha Mitchell,Human Resources,Comcast
b041f79f-d1f6-478b-852d-feba47c64664,Carla Ward,Human Resources,21st Century Fox
61ebbea6-b2b8-4ba0-8b61-e1170c47e51f,Tyler Ianson,Finance,Comcast
5cca4723-d1cb-4c5d-97ea-ca6307b31ccc,Liliana Greenwood,Management,Erickson
824f0f66-7534-4aa0-a0dc-9ec976bba5e8,Bethany Redden,Purchasing,Danone
2c975ee1-8913-4fae-a490-5c3d570a5e81,Mason Quinn,IT,Vodafone
f69f9689-6996-436c-b5a3-d0218faadbf5,Ronald Cattell,IT,It Smart Group
52cd044c-c8d6-4af3-ad81-68bec16ddc36,Adela Mason,Accounting,Telekom
9c35f7c8-4ee2-48c3-894b-348ef03e1395,Keira Ulyatt,Finance,Danone
91100fa7-ef47-433b-bf58-93dac54991fa,Margot Oatway,Management,Mars
edc7b07b-7261-4be9-8970-327f09883258,Percy Yoman,Management,Telekom
17f62c0d-21bc-47ed-a8fb-3fd917610559,Emery Wallace,Marketing,Boeing
2abcdc9c-839a-4a2f-9dbc-0c9e60e944a7,Nate Smith,Purchasing,UPC
1a519a2b-d790-4dc4-9041-495221a99ede,Beatrice Gosling,Research and Development,DynCorp
2a77fd2f-d9b9-4ff2-ab9a-13deb3c9d7dc,Tyson Shaw,Sales,Biolife Grup
0e3cb2de-ac7b-4bde-a15e-9c8797928aca,Robyn Bright,Finance,ExxonMobil
caba09d7-d8dd-4849-b50b-8ac9654f7ae5,Emerald Ward,Research and Development,Areon Impex
b5563ed5-cf58-4bec-a7de-9d09434fa291,Ron Cassidy,Finance,Mars
f2a3a48c-e88f-437d-8e37-fb9599027f7e,Angelica Jacobs,IT,Coca-Cola Company
d3deddd1-a0fe-46b6-afbd-9c2559e0843b,John Stone,Operations,Team Guard SRL
cf403efb-2374-4e41-8f07-e90c4f6334c0,Ruby Murray,Operations,ENEL
3e9cafcf-3e1f-42b8-aed9-3da968dd19c2,Eduardo Hunter,IT,CarMax
e4c1d63e-d5e2-4427-8be6-62342d6c4f09,Bree Larkin,Management,Metro Cash&Carry
ba72e8df-be56-4a06-8aec-7b5eb87286eb,Nathan Hammond,Marketing,DynCorp
c4f8c274-b2d4-421e-b45b-f89e05685b6b,Mike Trent,Marketing,Demaco
12dc46de-0142-4257-9b4c-180e4c8c7025,Lillian Nash,Sales,Global Print
3b8ae570-55c6-4e4d-ad0c-6d68c2480c38,Quinn Jefferson,Sales,21st Century Fox
25662d11-c428-4303-aad8-9d8910ea6c5a,Julian Hammond,Accounting,It Smart Group
0182770a-0f01-453d-9dbc-601ad6560348,Moira Squire,Finance,Metro Cash&Carry
1b468ede-0452-4f0a-8e1b-85d65b0c775c,Amy Kelly,Human Resources,Danone
fe5d93c9-3be4-4d1c-a717-0382487ea42e,Manuel Lakey,IT,Areon Impex
c6e79417-a737-4e1f-8efc-8294eef25810,Harriet Kelly,Finance,Telekom
dbf7f372-81aa-4ee1-bb1c-3d37c4b6f86e,Nathan Douglas,Accounting,Biolife Grup
1d42d708-4256-4ecb-9aca-a218a9f590b2,Doug Mitchell,Marketing,UPC
2af576ef-e4fb-448c-8a80-b78e2ca81a91,Davina Grady,Finance,Danone
78478519-f807-431e-b7f5-f4948cc6f405,Aiden Thompson,IT,Vodafone
ef12488c-dbf9-495e-a2b5-c636ac2c2d78,Mike Gilmore,Operations,Erickson
5efaa128-ca0e-43e2-98e2-a66fdaff83bd,Martin Bullock,Research and Development,ENEL
e2c196f9-1194-4d80-9d1a-57034c79cd9a,Kurt Edmonds,Sales,Zepter
8db18d60-45cb-49ec-bdfd-2f2f6cff6a2b,Javier Faulkner,Management,Apple Inc.
7fddbece-16ac-4b03-99bd-6b513f27f794,Enoch Griffiths,Sales,Areon Impex
baae97f3-e3c8-4676-ad8b-dd67cd13fe91,Hayden Griffiths,Operations,Mars
f0f61f24-d86c-4333-90d3-9bbd3ccc3184,Roger Little,Sales,Telekom
1ed8cc55-2546-4b4c-beac-f8a5aef51dee,Gabriel Mills,Purchasing,Carrefour
fd949f6d-faea-4544-a088-dff5c0361436,Mandy Lynch,IT,Erickson
14b35067-1f95-4de3-9e49-300a01c37d81,Aiden Moss,Human Resources,ExxonMobil
703d363b-d3bc-4dfe-963f-33b9b561f859,Rick Antcliff,Management,ExxonMobil
63d6d0a6-875f-49d6-99c8-9dc4f6b31801,Daron Townend,IT,Erickson
7b256bd2-c644-4d63-be31-376a9968f37a,Ramon Funnell,Purchasing,Team Guard SRL
bac5d5d5-1968-44d4-a621-f7585c4c3db4,George Hunter,Marketing,Danone
f941957f-639d-4ff7-a018-1acd10e0d57f,Jane Fowler,Human Resources,Amazon.com
4ffa55bf-ed9b-4f64-a49e-ba6bc45d6ce0,Benjamin Whinter,Management,Biolife Grup
fc0924c0-9e84-458a-a7d9-2d59c1684824,Caitlyn Gray,Sales,Zepter
6487016c-b6f5-4856-8d42-f44ba2987542,Julius Tutton,Finance,Metro Cash&Carry
62721ea7-6c77-46b3-887f-84fb4941a1bc,Alma Groves,Sales,Metro Cash&Carry
3be8ff9a-6f82-4463-99f6-07cbe660ee10,Roger Nicolas,Operations,Global Print
3c7d3f89-35e4-45e0-962e-8701a8b9da26,Mike Kirby,Marketing,UPC
f03d2aa9-9e86-40a3-9629-b03ea4946946,Alexander Silva,Accounting,Danone
a53a5c91-848c-4a83-9273-d3f20595fbc5,Caleb Willson,Purchasing,ExxonMobil
834f8a41-e5b2-4eee-a7c0-a1a2897ede1d,Teagan Ulyatt,Management,AECOM
5bd5d29e-0a29-41a5-bfec-39d879e81489,Margaret Osman,IT,ExxonMobil
ca419295-fafd-4e06-80ad-78961a13a932,Natalie Nielson,Research and Development,UPC
c326202d-4d3a-4123-a3d9-6eabd259df7e,Michael Attwood,Marketing,ExxonMobil
2f3903e3-f568-45a0-a7d6-949aaa4607d4,Benny Boden,Human Resources,Leadertech Consulting
445193c4-b63c-4a73-a384-026aeff44e46,Joy Flanders,Research and Development,DynCorp
365ef212-ecf4-4d2e-8a7b-476f136d5662,Javier Atkinson,Finance,Metro Cash&Carry
aee13c71-be2c-4198-a081-b5456287ff50,Rebecca Oliver,Purchasing,BuzzFeed
0d92de09-2e16-4ea4-93e4-a403875f08ad,William Antcliff,Management,Demaco
1e5cd473-21ad-4c4c-a6d2-f24d403ac91a,Denis Gilmore,Finance,Leadertech Consulting
fa518367-9337-4300-946f-db1f80eee201,Elisabeth Drummond,Human Resources,Carrefour
b5279068-90b0-436d-b90b-57f23cc2fdf2,Nathan Purvis,Sales,Facebook
8f597a0c-f8b4-416a-8b7e-d0b2afbeba15,Charlize Dixon,Research and Development,Coca-Cola Company
57fb998a-6610-4f58-89dc-f58e13514604,Joy Robe,Management,Telekom
36d9e6c7-db9d-4b48-8f40-d237001abf14,Alexander Wright,Human Resources,Biolife Grup
a7ab0e9c-874a-4e45-a5f7-ca20ee90bc7c,Gwenyth Addis,Sales,Demaco
0a62bea2-f088-4ad2-b7bd-3824474f396d,Gwenyth Fox,Human Resources,ExxonMobil
a3c92e21-b5e6-4ad7-92e4-3c5936a22078,Tyler Poole,Finance,CarMax
132da4c9-c510-4f5a-b44a-d12b82b5f41d,Selena Foxley,Management,Coca-Cola Company
b1634759-c279-4d67-879a-5e8dfe907e40,Aeris Marshall,Management,Boeing
da43c5ff-105c-465c-b7ee-bdcd71864d84,Denis Roth,Management,Team Guard SRL
f86d8e01-d003-4d29-8254-d920f283deb0,Chuck Thomas,Operations,Comcast
0a7d2d8c-e9b2-4c33-9cfe-fe7c5eac92aa,Caleb Norris,Human Resources,Facebook
85663a80-36e9-4dfa-abf5-6788103ac66e,Carrie Turner,Purchasing,UPC
c02cd6bb-dc69-4ca1-a2eb-8fd4c1d6b5d7,Bernadette Lloyd,Accounting,Team Guard SRL
ef8a3743-0904-434c-b6e4-bb6937f86993,Marina Morgan,Human Resources,Demaco
8fa61115-5919-4fbd-bee5-f70ab632373c,Benjamin Malone,Research and Development,Danone
4636db65-1bb9-4fe0-b4c5-20c3dac362f2,Rihanna Wilson,Purchasing,Leadertech Consulting
1ff519c5-2aaf-4fb3-a11a-932c49cfadc4,Ethan Walton,Operations,Facebook
8a0e84cf-3b9f-4b54-a1ba-6070475bef13,Hayden Ramsey,IT,Apple Inc.
dbaf2aec-9b45-479c-9df2-c8073863c0fa,Nick Allcott,Research and Development,Team Guard SRL
e0735420-005f-44ba-8dee-d95e1d7e7183,Abdul Marshall,Marketing,UPC
ddddb6aa-9cc3-4ef7-a0fb-fe246e80616f,Ember Burnley,Finance,ExxonMobil
c1adfc6f-9954-4423-b705-04d0651fef63,Angela Walsh,Marketing,AECOM
a8c0e46f-03fc-420e-bdad-95bd7217c12f,Daron Robinson,Operations,Amazon.com
bce06d82-e572-4bb4-9a12-33fd03899fa3,Sebastian Donnelly,Sales,21st Century Fox
72578335-18b1-4e44-b888-0af79411f18a,Barry Bolton,Research and Development,Danone
f8e810b0-bebb-4a02-8247-286653f837ef,Javier Turner,IT,Zepter
2adf644d-c9bd-476d-831b-437696859b21,Mason Johnson,IT,21st Century Fox
11aa8933-8965-443b-bdc8-e985b0c651a9,Rufus Thomson,Sales,Coca-Cola Company
945ba020-8164-4b84-8814-2821e8abedfe,Bryce Olson,Marketing,Boeing
f5319123-5222-4e5a-a15c-d93239163312,Noah Wooldridge,Finance,Facebook
30b6b9c2-0a1f-4853-a6a5-a48dd9aa4f21,Elisabeth Salt,Research and Development,Leadertech Consulting
573e6c07-ea34-4bd3-899a-823ebce89002,Julian Moore,Research and Development,Telekom
a3e3199f-0561-4520-a347-091f401fcc06,Karla Quinn,Management,It Smart Group
0bb66219-e5e9-47cb-a395-a9c9e1d3ee42,Javier Morgan,Human Resources,Apple Inc.
cb1f3668-7498-4051-92d6-081565582494,Taylor Osman,Sales,Erickson
5ccd33a3-1db1-40e4-871e-b20f2a9812a0,Mary Logan,Purchasing,CarMax
eeeb6597-bab7-495e-a72c-426d7a97c792,Alan Burnley,Purchasing,Demaco
211da67e-4634-4742-abe3-bbf3e2102cb5,Marigold Marshall,Purchasing,It Smart Group
4651148f-fcfb-4f1c-bbef-4aa2aa0bc073,Kamila Mackenzie,Marketing,Leadertech Consulting
1847ef93-c13a-4e4f-adad-399de6be9ffa,Peter Gilbert,Finance,Coca-Cola Company
b2102081-1568-420f-8e9c-e192e44fd5b1,Carolyn Wright,IT,Facebook
ccd1b456-7aa6-4aa9-8a8c-58c760644b4f,Camila Lewis,Operations,Metro Cash&Carry
bc57baec-be71-445c-a1ee-4e393b744035,Kaylee Pond,Research and Development,Metro Cash&Carry
3c7dd291-6c0e-48fc-8f9f-9f5cc8a24aaa,Carol Mills,Sales,Coca-Cola Company
e7db3dd2-9937-49e3-b17b-9c88e4f16e60,Josh Eyres,Marketing,Leadertech Consulting
832acda5-8e52-4383-9350-6b159a28d466,Jack Chapman,Marketing,Mars
ddeb4696-1ee4-43a1-a1f9-444da5ae397f,Jack Moss,Finance,CarMax
9469e203-dc36-4d0e-8d31-ad7ee2669a20,Maribel Power,Management,Boeing
be68d12e-2944-4710-91ba-4e2b7defc677,Joseph Bailey,IT,Facebook
849d5e79-0773-4968-b90c-63f8f7d0b550,Cedrick Allington,IT,Global Print
1c81713e-ad6b-4aff-a581-b405d410ba80,Javier Ashwell,Finance,Comodo
3e7e0ae0-46dd-47cf-95c1-921c9d331467,Alba Young,Purchasing,Comcast
a93d0501-b528-4499-b29b-87736e6440c4,Kimberly Dixon,Research and Development,Mars
cac71921-d38d-415d-b02c-b2027f2e0972,Aisha Allwood,Finance,It Smart Group
2ce701d7-0e51-4b56-8a53-34a7939e7ced,Rick Cobb,Finance,Apple Inc.
2ee72b39-dd31-4be4-b064-c7c556c0ea5a,Ethan Plant,Accounting,21st Century Fox
1de6b53d-50ea-491c-8028-5f47a1b0a93d,Karla Jarrett,Research and Development,Boeing
98ddd406-9f6c-4146-80fd-41367019db97,William Rees,Finance,Boeing
2927d4e3-e50c-4550-a858-3cd72be0651d,Roger Willis,Finance,Leadertech Consulting
46896455-0e73-428b-beee-c87290101024,Susan Vincent,Finance,Telekom
b074e236-9a77-47a3-bbdc-bc6fe7d2f750,Leilani Reynolds,Operations,Biolife Grup
1328c32f-1058-47f3-8c2a-50762ccdba3f,Maxwell Thomas,IT,Boeing
b40dd2b1-c479-43f9-bb55-bd471b0d1ab2,Paula Hastings,Research and Development,Areon Impex
86ee41e9-cb0f-49b2-96e7-0d5de215988e,Daniel Upton,Finance,21st Century Fox
f7bfd034-2227-4827-a221-632ce5e63722,Bernadette Warren,Purchasing,Areon Impex
ab37043d-a483-4a38-8eda-74eddfea0975,Goldie Owen,Management,Demaco
fe0f596b-778a-4294-826f-020267202eeb,Alessandra Hope,Research and Development,Erickson
43a513d7-d156-4382-865b-a09a6b4110aa,Hadley Gordon,Human Resources,Leadertech Consulting
818cd893-ae24-46cc-9b1e-d2b8f1c3989d,Logan Collins,Purchasing,Amazon.com
f8037cc4-ecf1-4828-8d9b-ac62a4500425,Gina Mcnally,Purchasing,Biolife Grup
44ea6398-bd7a-4eb9-ad48-0002ad15a1de,Erick Santos,IT,Telekom
3c56706b-14cb-4ec4-9ab7-36dab1da43a5,Ethan Drake,Operations,Coca-Cola Company
5b050f06-4120-4234-8c2c-b0fb25dd21c4,Celina Webster,Purchasing,UPC
9759b747-7a4d-48a6-ac39-e22a7f2d803e,Caleb Mason,Operations,Biolife Grup
8a240052-574c-459e-b486-cc766edc001a,Aiden Kennedy,Accounting,Amazon.com
d3b3294e-ca5d-4b73-9eea-f00505a06ee3,Victoria Abbot,Marketing,Demaco
13ac8f2b-a7fa-4292-8a4a-65ac53492344,Juliette Roberts,Sales,Zepter
9aa68216-a1ca-4cf6-a2ec-e0b1e1e6e215,Nate Griffiths,Human Resources,ENEL
9aeadb26-9c21-4dc1-8372-2b45f4aad307,David Waterhouse,Human Resources,BuzzFeed
a5106ec7-d427-48c1-b2d5-93c645d14581,Vera Myatt,Operations,21st Century Fox
4e463101-d692-4810-aa91-f01631ab8ed5,Maria Weston,Management,Boeing
e1303cfd-04ee-45d7-9c8f-01540370e626,Valentina Whitehouse,Sales,Vodafone
016e97b8-6115-4a3f-b8c0-e40f231a9534,Erin Downing,Finance,AECOM
4065968d-b801-4e07-b60a-f10379431331,Maxwell Ellis,Management,Amazon.com
41bfad66-9c31-46dd-b28f-f15118b49574,Josh Willis,Purchasing,ENEL
32eb20bf-7ef4-476c-82a0-74ff6502383f,Mason Emerson,Operations,DynCorp
6b7058f1-df3f-40e8-9e79-a34159b8252c,Alexander Vangness,Research and Development,Mars
403a7cf6-4285-44f8-b50f-7ccfd827f3e2,Harvey Rossi,Finance,Apple Inc.
72a4ef0c-951b-462b-9112-ee2a3bae6ae8,Jane Simpson,Finance,Coca-Cola Company
8b7d4b48-51a4-4ebe-8e55-cdb02eb66719,Cherish Dempsey,Sales,Zepter
b75e69f6-f699-405f-b8ee-a2fb04bbc59a,Maxwell Plumb,IT,Areon Impex
0b8bd9bd-de8f-4c1b-b4eb-d2f09e59bac7,Josh Walker,Finance,Vodafone
e701439a-5223-4660-9f87-9de3e06090fd,Logan Jarrett,Finance,Erickson
71d434e2-bab5-40ca-a20e-5e05ce532026,Barney Duvall,Human Resources,BuzzFeed
7bfe072c-ec65-4cbc-81c6-1b82a6272765,Willow Hill,Finance,Metro Cash&Carry
e366cd0a-619f-4100-be78-4b0d70efb80a,Ramon Dann,Purchasing,Telekom
be8b4062-f49c-4485-ae2e-82f430664f01,Elly Benfield,Research and Development,BuzzFeed
d00b23cb-ac37-4dba-81ce-d03191b2ff9a,Caleb Walker,Finance,DynCorp
0bf43ebc-e2d1-46ac-888c-cc4bd984fbcd,Vanessa Newman,IT,Telekom
af50c3c4-d521-4dbf-9386-4bcd45b04325,Daniel Morrison,IT,ENEL
4605e603-8d76-4c61-9b54-1d8b06e02032,Rhea James,Research and Development,Apple Inc.
179cf7c7-b38b-413f-bdd7-c22d3f99aa18,Kurt Stone ,Human Resources,UPC
3d8485a7-1c8a-444e-b11e-5d44ebd0dc1e,Hannah Andersson,Management,Zepter
7ccecb1b-6c72-484c-9571-cb6e7877e343,Manuel Rodwell,Purchasing,Biolife Grup
93e80286-252b-491c-8423-d6d58929c1c5,Clint Rodwell,Accounting,Danone
5a4ff534-2ff8-4913-bb28-cbfde754cd8d,Eduardo Garcia,Management,AECOM
1d679daf-b276-49aa-9198-9d903f3a42ce,Gabriel Keys,IT,Amazon.com
523fae9b-77d7-465e-8795-25ff01a8b23c,Rihanna Hunt,Accounting,Leadertech Consulting
df2bda9a-afb8-4cc5-b58a-cd92a0b4a720,Gwen Isaac,Accounting,Boeing
9cb6fe25-f56d-4cd8-b3ea-f1e7e4ae0ff9,Julius Jarvis,Finance,Mars
0b3b68b5-4b2e-4881-90bd-53fc774dd8e0,Bryce Foxley,Purchasing,Comcast
e0fd16e4-8e19-462b-ad2d-83bc496fd58b,Anthony Watson,Sales,Team Guard SRL
f19666da-0cf4-46e5-a0cd-581fdda6afd3,Gina Wade,Sales,Amazon.com
f4cfe42e-791e-42df-bf2d-c1f3a3e4b247,Luna Kelly,Management,Erickson
45eb8da6-2d7c-4f20-a05c-2e8b49f7087f,Ronald Chapman,Accounting,Facebook
a2813323-9c6e-40c1-b396-47ac60af8d8e,Javier Snell,Operations,21st Century Fox
6f1ee34b-dfe3-4a72-8a7a-f751acce0c03,Ruth Potter,Operations,ENEL
b4a73e19-8cf0-4f59-b855-e8816223010f,David Lewis,Human Resources,Zepter
89eba831-44e0-43a6-bd8f-4a429344b57d,Ronald Price,Human Resources,Team Guard SRL
f4c279cc-d3d4-4ce7-817e-e677518bab22,Kenzie Gardner,Operations,Amazon.com
b1ab560d-51b9-4b6e-b46c-32c8b02237fe,Abdul Williams,IT,Comodo
185a6b18-e352-4759-bf6f-9e871cd069f3,Chester Poole,Management,UPC
51c56583-ae2a-4656-980b-1d8d2b36f5bf,Dani Davies,Operations,Mars
6136f331-1b8a-461b-bf68-eb8da459cb72,Darlene Wills,Human Resources,It Smart Group
87eaff81-bae5-4ec8-a7e5-399ceea4ba3b,Elisabeth Ramsey,IT,Boeing
3ce0805d-2336-4934-8e77-ebd4fc15d35d,Carter Vince,Management,Boeing
8cfef216-5793-4029-8083-8c669e5b77c8,Jazmin Lewis,IT,Amazon.com
485fc13e-dcdf-46a8-8e91-bb4f15cdb3e4,Trisha Alldridge,Operations,Metro Cash&Carry
3e77da14-a370-43e6-96d0-332c2aaae9ff,Marla Morgan,Sales,Facebook
a8bf1e77-4d6a-434f-a36c-62437599cf40,Sarah Radley,Operations,Apple Inc.
274d02c9-fde8-4571-9eff-12c2eefd00d3,Hanna Murray,Management,Carrefour
c9d74bdc-57bd-4641-a2e1-0fe67b7362c2,Gil Holt,Research and Development,Comcast
9e70ca65-ca7a-42d6-a194-35ecdc401a52,Erick Harrington,Operations,Mars
f564df2b-a606-4fc0-afc6-7c86050f21e0,Elijah Stevens,IT,Comodo
b19051bd-6df6-4dca-9de0-1593a26a1a19,Doris Ward,Research and Development,Leadertech Consulting
936545dc-9dc7-44da-86f0-032b9e21ddfd,Adalind Wilkinson,Finance,Facebook
5afd0690-fb3b-4e85-a996-171ccbfb3176,Sabina Neville,Finance,Global Print
30066436-9b9d-4a5f-a8ff-bbff4fba432d,Maxwell Connor,Operations,Boeing
f45e3843-c3a6-4339-a04a-ae3ab7e66f6a,Stacy Talbot,Marketing,Global Print
81ea4c17-4112-41d0-b2ab-de3b8c2a6d17,Michael Clarkson,Finance,Team Guard SRL
8984c326-fb57-4919-a8ac-b934bd5b5811,Johnny Shea,Operations,Danone
805d5a4a-0b71-4067-9e9e-300543182735,Mike King,Research and Development,Amazon.com
8f3047f3-eb3e-4a6a-9cc7-a1932d2e6ab8,David Hope,Marketing,Comodo
e395946a-a1a9-42c0-86c4-f4e52d28ad90,Payton Murphy,Human Resources,Zepter
781c67a3-11e8-43a0-857f-c78562abdcbe,Martha Weasley,Sales,Metro Cash&Carry
a33a1300-64e7-4a12-8447-a83a9c11e1b8,Manuel Whinter,Operations,Mars
50475c7c-85e1-4dee-ac4f-3880530afffd,Manuel Alcroft,Sales,Mars
d34897a9-4521-40b3-baa1-150a30bb7482,Luke Emmott,Research and Development,BuzzFeed
b7fcf4f0-5d43-4441-b6ba-193771ab518a,Julius Jones,IT,Comodo
cfe56480-88a4-417c-87a7-e770a201fcac,Chuck Johnson,Purchasing,Leadertech Consulting
79fef4e6-f859-4759-9676-bbf9e3023d8a,Domenic Brooks,Human Resources,BuzzFeed
75d2c4df-d09c-4a27-a0e8-fa1044c2a9dc,Denis Poulton,Purchasing,Vodafone
b36a1f75-39c9-402b-9950-ded8f4b451fb,Angela Brock,Purchasing,Global Print
b3b70c25-bb82-42b5-bf62-567ea75627e5,Marvin Addison,Management,Comodo
af4dedc0-601d-42af-9a58-d62bbd4ace95,Jules Hope,Management,UPC
3919d073-43b4-4c18-80f1-61debe3c63fa,Benjamin Cavanagh,Sales,BuzzFeed
df531ada-c15b-47cb-a8ee-08b5944bdf9b,Anabelle Rose,Purchasing,Areon Impex
8084290e-0dfe-40f1-9dca-a04c1e306dbd,Benjamin Rixon,Finance,Erickson
9161eb25-2123-4908-bf1b-3e303115534a,Alan Gilbert,IT,Apple Inc.
ecfb25fc-77fa-42e6-9afb-7570c8b161e0,Boris Dubois,Management,Danone
d9c38b37-7248-46d3-8a8e-81c9ebfe9c92,Russel Lambert,Purchasing,Vodafone
2f9ab2ed-b996-4486-af8c-2a0671cd1d51,Roger Grey,Sales,Global Print
ef948358-297c-4175-b27e-3711ad45192f,Thea Ebbs,Human Resources,21st Century Fox
e0888b7f-0474-47b5-877f-f1f3b56f23b8,Darlene Stubbs,Marketing,Comodo
bac9e178-2d8e-4e9e-84f8-25e3e5f0e4af,Chad Uttridge,Purchasing,BuzzFeed
4c0b7509-cc3e-4dff-b604-2c6f8f9d5f38,Michael Stevens,Finance,Vodafone
8c97625b-7cf3-4c4e-aaa2-26482b39e9f9,Paula Sinclair,Operations,AECOM
236a801d-4034-4a55-82f7-39b613bd91ec,Eve Aldridge,Research and Development,Amazon.com
f2904886-91df-4843-a265-2ce18280c78a,Julian Warren,IT,UPC
a41bcab9-5b25-4cef-863a-a17b7b5b9ae4,Emerald Powell,Management,ENEL
7be5dbc4-3a42-4962-a7d5-e534e381133a,Hailey Atkinson,Human Resources,DynCorp
3d9211fd-89f6-4c76-9498-45384df3d52a,Judith Fowler,Marketing,Danone
2c5a24cd-dfb7-4829-a09d-39c0992e3ba2,Domenic Dobson,Operations,Metro Cash&Carry
8d1f7da1-e9ce-4ca0-9bbe-340fca6331be,Allison Lane,Sales,Mars
eef47d48-8b88-4986-96af-d95a00eca0b1,Martin Lyon,Human Resources,Amazon.com
c66a16e9-543a-4631-b2a1-e6d9bc2f7fd4,Scarlett Cooper,Operations,Zepter
ecf6ee60-6776-4924-955e-994bec3ce8c4,Scarlett Hunt,Operations,Global Print
e70836be-0ee7-4b22-b377-a05a466c58e9,Hank Parr,Sales,Leadertech Consulting
8bdda16f-737d-482d-a359-b91aa7d5202e,Kate Rogers,Sales,Metro Cash&Carry
5f379705-6c8f-41fb-ae5f-2f56bdd1809f,Remy Henderson,Marketing,AECOM
8d9ab292-25b0-4206-977f-738f394a111d,Josh Blackburn,IT,Apple Inc.
2184bd22-b720-4506-9300-6b3faa7703bc,Mason Yang,Management,21st Century Fox
5f8d10a1-a3b9-4512-9abf-aa76fcdf7111,Alexander Bennett,Accounting,Mars
61a58481-1782-4453-b1ef-f3a7e187460e,Miley Murphy,Human Resources,Apple Inc.
66d286c4-32e2-46e5-a9ad-f04c4b3da489,Wade Harrington,Marketing,Danone
8b5f17e5-17fb-44d1-9b51-e51c22c5da2a,Percy Lynn,Sales,It Smart Group
c8f802e2-7c5e-4c7a-94ab-5bbe5f4fb82c,Alexa Locke,Purchasing,Coca-Cola Company
c15354f2-91e6-4454-9ab5-abfdfc2451f8,Quinn Mooney,Marketing,Areon Impex
da06b4d3-a7b6-42bb-811e-2ffabda6e2ea,Sofia Hood,Operations,Team Guard SRL
4c2a289e-ae1d-49e7-9351-7380d58cf687,Harvey Nicolas,Finance,ENEL
0eb04c17-56b7-49ff-a513-8168c10f6869,Callie Brett,Research and Development,Zepter
d08c9905-db1c-45d6-80a2-a1ff5071b55b,Shelby Briggs,Operations,Global Print
4aafd653-5b7b-4b60-a0bd-a679bccafc2d,Sebastian Atkinson,Marketing,ENEL
42fa4e99-9559-4a3d-890a-b2ba54364d48,Matt Allen,Accounting,Erickson
7b308034-0aa5-489b-9e47-bd496220397e,Jacob Clarke,Management,Amazon.com
78e26b5b-34a0-4304-a14b-79f2981272d0,Dalia Hancock,Finance,Global Print
bf3816d8-1830-45c1-bc22-ce488b19b3a4,Robyn John,Management,UPC
772bcb73-cba2-4844-bf3d-f11f842aac6d,Gwen Cobb,Management,AECOM
57d15fd0-e945-4893-a1a5-41a405ef72bd,Tony Larsen,Research and Development,Mars
fec40ef1-65ab-4403-b486-638a46d367ba,Leilani Graham,Purchasing,Coca-Cola Company
09f08eff-057d-494c-9f73-569d40997527,Ron Griffiths,IT,ExxonMobil
5cc4c64b-0c70-4461-865d-d274b7fb529a,Deborah Harris,Finance,Facebook
ced6e9f2-7439-4e44-b23d-eb7bec4c06ff,Javier Crawford,Human Resources,Coca-Cola Company
fcc3a57e-25e7-40ba-856d-640eddf4dd23,Shelby Quinn,IT,CarMax
b969b58d-44a0-4889-a5b0-36428e909f31,Bart Gallacher,Research and Development,Biolife Grup
a612194d-190c-414d-be74-f5f7b19cb2ce,Macy Overson,Operations,Mars
a5f25ea7-240c-4d20-9f62-c0c5f6fc57bd,Mary Khan,Finance,UPC
1f8d6e8b-62e9-4acc-9379-895d4916ce86,Lorraine Booth,Operations,Team Guard SRL
727c9062-de9e-449a-81a3-eaa4cd91deaf,Russel Vaughn,IT,Comcast
4f42bb7b-3335-4fa0-8bf3-784804bc9ecd,Tom Clark,Research and Development,Demaco
da29e9d3-a7ea-45db-bc7c-0c037d52bdca,Joseph Dann,Purchasing,Comodo
076adcb6-9e3f-4100-885b-e6d07414d4d8,Liam Dixon,Purchasing,Vodafone
72176ee7-df77-4b0f-a358-0484ab48f548,Mary Hepburn,Marketing,Zepter
cedfd134-0869-49fd-be85-1e8d9b2410df,Benjamin Crawley,Sales,Metro Cash&Carry
f57caa2e-e7a9-49c6-80fc-41f44339ef79,Jolene Alexander,Operations,Demaco
a656d059-8202-420f-9c54-8e662980351b,Angela Johnson,Operations,Danone
08722acf-7e91-4b46-979e-a0a2fa0e937f,Elijah Radley,Finance,Apple Inc.
481bca84-7f2d-48b8-ad5a-dbb648f9f407,Benjamin Osmond,Finance,Zepter
06f50626-3bbb-416a-bbc3-3981868a0ea6,Esmeralda Savage,Management,Carrefour
f5e3e70f-8486-44b3-b458-f73ec4993c70,Adalind Carson,Finance,Boeing
74f4a1f1-c03d-47db-95c5-ffed6ffd02a7,Danny Rees,Accounting,Boeing
68b802d3-37cc-4cb7-9854-67e33f1a883f,Janelle Ingham,Accounting,AECOM
8b127866-903f-4072-a0ce-370f9926b35e,Boris Tennant,Finance,Biolife Grup
fcc0fcf4-b5b3-4e11-bb27-c28b55f5e3eb,Gil Poulton,Research and Development,UPC
f7c205a6-7737-4eb6-85b2-7251f8d26d72,Bridget Morley,Purchasing,Zepter
d44c9b1b-0633-4179-8a82-c527d8f1be37,Aeris Chappell,Accounting,DynCorp
082a90e0-b3b9-4a90-ae2e-0e95f53ef503,Sofie Driscoll,IT,Vodafone
42dc19b1-3b78-44a6-a2ef-031cbe873871,Cassandra Gilmour,Marketing,Boeing
8734be8c-b842-4e97-abc8-2059e9a9925d,Britney Bennett,Management,Areon Impex
0a8924d0-1bef-4602-a2c5-e920d61de07d,Havana Daniells,Sales,Team Guard SRL
2c6c9126-11ea-402f-9db4-9739a38d2e18,Percy Jacobs,Accounting,CarMax
003e9dd1-30ed-4f6a-a3fe-10ba13d42159,Melody Booth,Sales,Mars
97ce4f08-d4bc-4c33-aa62-6494359a851f,Chloe Lloyd,IT,Global Print
557a2630-ac1d-4e6d-a2fd-f2de28e15599,George Olson,Sales,Zepter
7410e61a-14e7-45d0-87b9-41dcd636d400,Doug Verdon,Finance,21st Century Fox
75e736a7-c9a9-49f3-9a60-ecd0c14257e4,Sage Stubbs,Purchasing,Zepter
590ff3ba-c743-4607-aace-18e0d8a6a366,Celina Wright,Human Resources,Danone
61ea7334-490e-4207-b898-d63938340196,Sage Haines,IT,ENEL
c70ff46c-95a0-4691-a41e-897f7b2e2823,Matthew Stewart,Management,UPC
5291cd01-7e5a-49e7-bf01-69ec6f433ce8,Deborah Gavin,Marketing,Erickson
30d34afd-3463-4b83-a64a-d628b1f71f6f,Denis Johnson,Purchasing,Vodafone
b0153fb4-5bfe-48b4-91c4-db82614e069a,Gil Utterson,Human Resources,Team Guard SRL
c3277d0b-de7f-4854-9a6a-b14b64f83b85,Tyson Johnson,Purchasing,Carrefour
3df088a7-fdad-4757-89c0-eeb7bd33eac4,Chuck Harper,Operations,It Smart Group
f91d9c83-0d53-4e08-b7bb-68afada87bb1,Denis Umney,Human Resources,Team Guard SRL
19446f11-2212-4c07-a3f2-cedbd392ef13,Rick Wilde,Operations,Facebook
cfd0c2b8-5266-486b-99ec-5af798f58e6e,Joseph Samuel,Sales,Erickson
ce0ff521-bc92-4382-862b-e996eb6578b5,Priscilla James,Purchasing,Comcast
b53c2505-ceb9-4e17-9cee-bba2a6588168,David Roberts,Accounting,DynCorp
13d5cbec-f3bb-4843-ab9a-217237aad44c,Trisha Hill,Management,Erickson
a6ae2f8a-97e9-419a-9910-f211857834f9,Wade Harvey,Finance,DynCorp
2b4201fa-2ba4-429b-89c4-9919ff585e86,Nicole Miller,Research and Development,Coca-Cola Company
8099d288-5c02-43d6-8ba2-d832c3fa4926,Taylor Lomax,Operations,UPC
107c1312-ac58-4010-af97-00e21c71d997,Rose Richards,Sales,21st Century Fox
467fdcd3-f05e-4584-ba06-8638910f27fc,Summer Pond,Marketing,Danone
cd8b164c-a59b-4ff3-9d15-d68235dc5cdf,Florence Simmons,Accounting,Carrefour
2390dcac-d692-4c31-a44b-69a419aed71c,Jayden Vince,Marketing,Comodo
5e1ccf8c-f3ad-4d51-bbc8-ef5a4d00650f,Piper Egerton,Finance,Zepter
aadc2675-cd98-4d5f-a31a-a78af4ec69b4,Estrella Rehman,Finance,21st Century Fox
c9c817a5-a798-4eed-a517-7fb278bb9cbc,Naomi Tait,Purchasing,Areon Impex
d18f66d9-2759-4f31-aee3-424d8cebad45,Barry Cowan,Purchasing,Danone
59965cff-7875-4f43-ab59-255b676037bc,Tyson Ramsey,Research and Development,Metro Cash&Carry
48e67add-192d-40ea-8e4d-b08171074630,Caleb Flanders,Sales,Metro Cash&Carry
6ec4f056-85b3-4ab0-9352-942f79399ddb,Gil Flett,Accounting,CarMax
8ce437c6-dca2-4c6e-a177-69c0dcb88dfa,Joseph Poole,Finance,Apple Inc.
e04b1350-5cd8-4e18-9605-292031b0e392,Logan Casey,Finance,UPC
0cabab8c-abfa-4232-99b1-e7633be215a7,Luke Robinson,Operations,Biolife Grup
1a2a0856-0fff-4c90-a7fc-8945676fa0b4,Ron Page ,Purchasing,ExxonMobil
7ea05816-0141-423c-8010-6c5b5c9954e9,Elijah Benson,Operations,AECOM
f04d5f9d-d58e-42c3-9b1b-be266ad0c4c5,Maya Utterson,Operations,Comcast
ad588687-6f11-43e7-b026-717041145dd4,Katelyn Parsons,Purchasing,CarMax
7dc42919-8f20-4c0f-a509-f6142f24979f,Mike Scott,Sales,Areon Impex
41d2cf01-fc3e-4df6-ad28-1f226b2e92db,Miriam Baxter,Management,Biolife Grup
c3f3f182-d6aa-42f8-b1f3-edc366fdcd02,Livia Walsh,Marketing,Coca-Cola Company
bddebad6-6a72-4374-b718-b02257e3f592,Gladys Everett,Sales,Amazon.com
d41c2fad-1d33-40ff-adea-983c093ad5ce,Matthew Holmes,Accounting,CarMax